Leading Cancer Sites,Leading Cancer Sites Code,Ethnicity,Ethnicity Code,Sex,Sex Code,Age Groups,Age Groups Code,Year,Year Code,Count,Population,Crude Rate
Pancreas,21100,Hispanic,2135-2,Female,F,< 1 year,1,2010,2010,0,497449,0
Pancreas,21100,Hispanic,2135-2,Female,F,< 1 year,1,2011,2011,0,495485,0
Pancreas,21100,Hispanic,2135-2,Female,F,< 1 year,1,2012,2012,0,484580,0
Pancreas,21100,Hispanic,2135-2,Female,F,< 1 year,1,2013,2013,0,482899,0
Pancreas,21100,Hispanic,2135-2,Female,F,< 1 year,1,2014,2014,0,485513,0
Pancreas,21100,Hispanic,2135-2,Female,F,< 1 year,1,2015,2015,0,494456,0
Pancreas,21100,Hispanic,2135-2,Female,F,< 1 year,1,2016,2016,0,496255,0
Pancreas,21100,Hispanic,2135-2,Female,F,< 1 year,1,2018,2018,0,476968,0
Pancreas,21100,Hispanic,2135-2,Female,F,< 1 year,1,2019,2019,0,474707,0
Pancreas,21100,Hispanic,2135-2,Female,F,1-4 years,4-Jan,2010,2010,0,2010894,0
Pancreas,21100,Hispanic,2135-2,Female,F,1-4 years,4-Jan,2011,2011,0,2018988,0
Pancreas,21100,Hispanic,2135-2,Female,F,1-4 years,4-Jan,2012,2012,0,2010588,0
Pancreas,21100,Hispanic,2135-2,Female,F,1-4 years,4-Jan,2015,2015,0,1974757,0
Pancreas,21100,Hispanic,2135-2,Female,F,1-4 years,4-Jan,2017,2017,0,1990741,0
Pancreas,21100,Hispanic,2135-2,Female,F,1-4 years,4-Jan,2018,2018,0,1967721,0
Pancreas,21100,Hispanic,2135-2,Female,F,1-4 years,4-Jan,2019,2019,0,1964020,0
Pancreas,21100,Hispanic,2135-2,Female,F,5-9 years,9-May,2012,2012,0,2461836,0
Pancreas,21100,Hispanic,2135-2,Female,F,5-9 years,9-May,2013,2013,0,2512356,0
Pancreas,21100,Hispanic,2135-2,Female,F,5-9 years,9-May,2017,2017,0,2563142,0
Pancreas,21100,Hispanic,2135-2,Female,F,20-24 years,20-24,2018,2018,19,2308106,0.8
Pancreas,21100,Hispanic,2135-2,Female,F,25-29 years,25-29,2018,2018,19,2296129,0.8
Pancreas,21100,Hispanic,2135-2,Female,F,25-29 years,25-29,2019,2019,23,2341839,1
Pancreas,21100,Hispanic,2135-2,Female,F,30-34 years,30-34,2012,2012,16,2058682,0.8
Pancreas,21100,Hispanic,2135-2,Female,F,30-34 years,30-34,2014,2014,18,2110133,0.9
Pancreas,21100,Hispanic,2135-2,Female,F,30-34 years,30-34,2015,2015,19,2116234,0.9
Pancreas,21100,Hispanic,2135-2,Female,F,30-34 years,30-34,2017,2017,29,2136930,1.4
Pancreas,21100,Hispanic,2135-2,Female,F,30-34 years,30-34,2019,2019,19,2141807,0.9
Pancreas,21100,Hispanic,2135-2,Female,F,35-39 years,35-39,2010,2010,25,1893136,1.3
Pancreas,21100,Hispanic,2135-2,Female,F,35-39 years,35-39,2011,2011,20,1916345,1
Pancreas,21100,Hispanic,2135-2,Female,F,35-39 years,35-39,2012,2012,20,1944207,1
Pancreas,21100,Hispanic,2135-2,Female,F,35-39 years,35-39,2013,2013,23,1969891,1.2
Pancreas,21100,Hispanic,2135-2,Female,F,35-39 years,35-39,2014,2014,20,1994797,1
Pancreas,21100,Hispanic,2135-2,Female,F,35-39 years,35-39,2015,2015,18,2037114,0.9
Pancreas,21100,Hispanic,2135-2,Female,F,35-39 years,35-39,2016,2016,27,2076011,1.3
Pancreas,21100,Hispanic,2135-2,Female,F,35-39 years,35-39,2017,2017,36,2113552,1.7
Pancreas,21100,Hispanic,2135-2,Female,F,35-39 years,35-39,2018,2018,36,2115671,1.7
Pancreas,21100,Hispanic,2135-2,Female,F,35-39 years,35-39,2019,2019,22,2133571,1
Pancreas,21100,Hispanic,2135-2,Female,F,40-44 years,40-44,2010,2010,27,1689252,1.6
Pancreas,21100,Hispanic,2135-2,Female,F,40-44 years,40-44,2011,2011,33,1744449,1.9
Pancreas,21100,Hispanic,2135-2,Female,F,40-44 years,40-44,2012,2012,43,1796551,2.4
Pancreas,21100,Hispanic,2135-2,Female,F,40-44 years,40-44,2013,2013,40,1841318,2.2
Pancreas,21100,Hispanic,2135-2,Female,F,40-44 years,40-44,2014,2014,33,1882113,1.8
Pancreas,21100,Hispanic,2135-2,Female,F,40-44 years,40-44,2015,2015,47,1914956,2.5
Pancreas,21100,Hispanic,2135-2,Female,F,40-44 years,40-44,2016,2016,40,1941648,2.1
Pancreas,21100,Hispanic,2135-2,Female,F,40-44 years,40-44,2017,2017,47,1972814,2.4
Pancreas,21100,Hispanic,2135-2,Female,F,40-44 years,40-44,2018,2018,51,1970685,2.6
Pancreas,21100,Hispanic,2135-2,Female,F,40-44 years,40-44,2019,2019,46,1991907,2.3
Pancreas,21100,Hispanic,2135-2,Female,F,45-49 years,45-49,2010,2010,70,1505676,4.6
Pancreas,21100,Hispanic,2135-2,Female,F,45-49 years,45-49,2011,2011,72,1545749,4.7
Pancreas,21100,Hispanic,2135-2,Female,F,45-49 years,45-49,2012,2012,62,1580232,3.9
Pancreas,21100,Hispanic,2135-2,Female,F,45-49 years,45-49,2013,2013,56,1615071,3.5
Pancreas,21100,Hispanic,2135-2,Female,F,45-49 years,45-49,2014,2014,84,1645948,5.1
Pancreas,21100,Hispanic,2135-2,Female,F,45-49 years,45-49,2015,2015,80,1692299,4.7
Pancreas,21100,Hispanic,2135-2,Female,F,45-49 years,45-49,2016,2016,85,1749005,4.9
Pancreas,21100,Hispanic,2135-2,Female,F,45-49 years,45-49,2017,2017,85,1802854,4.7
Pancreas,21100,Hispanic,2135-2,Female,F,45-49 years,45-49,2018,2018,71,1821473,3.9
Pancreas,21100,Hispanic,2135-2,Female,F,45-49 years,45-49,2019,2019,78,1858885,4.2
Pancreas,21100,Hispanic,2135-2,Female,F,50-54 years,50-54,2010,2010,98,1244069,7.9
Pancreas,21100,Hispanic,2135-2,Female,F,50-54 years,50-54,2011,2011,86,1294965,6.6
Pancreas,21100,Hispanic,2135-2,Female,F,50-54 years,50-54,2012,2012,119,1344982,8.8
Pancreas,21100,Hispanic,2135-2,Female,F,50-54 years,50-54,2013,2013,116,1398765,8.3
Pancreas,21100,Hispanic,2135-2,Female,F,50-54 years,50-54,2014,2014,125,1453590,8.6
Pancreas,21100,Hispanic,2135-2,Female,F,50-54 years,50-54,2015,2015,126,1497389,8.4
Pancreas,21100,Hispanic,2135-2,Female,F,50-54 years,50-54,2016,2016,134,1538472,8.7
Pancreas,21100,Hispanic,2135-2,Female,F,50-54 years,50-54,2017,2017,138,1573513,8.8
Pancreas,21100,Hispanic,2135-2,Female,F,50-54 years,50-54,2018,2018,159,1585036,10
Pancreas,21100,Hispanic,2135-2,Female,F,50-54 years,50-54,2019,2019,115,1612108,7.1
Pancreas,21100,Hispanic,2135-2,Female,F,55-59 years,55-59,2010,2010,124,963996,12.9
Pancreas,21100,Hispanic,2135-2,Female,F,55-59 years,55-59,2011,2011,138,1017421,13.6
Pancreas,21100,Hispanic,2135-2,Female,F,55-59 years,55-59,2012,2012,154,1074673,14.3
Pancreas,21100,Hispanic,2135-2,Female,F,55-59 years,55-59,2013,2013,150,1125369,13.3
Pancreas,21100,Hispanic,2135-2,Female,F,55-59 years,55-59,2014,2014,160,1175213,13.6
Pancreas,21100,Hispanic,2135-2,Female,F,55-59 years,55-59,2015,2015,164,1230254,13.3
Pancreas,21100,Hispanic,2135-2,Female,F,55-59 years,55-59,2016,2016,229,1279918,17.9
Pancreas,21100,Hispanic,2135-2,Female,F,55-59 years,55-59,2017,2017,210,1329063,15.8
Pancreas,21100,Hispanic,2135-2,Female,F,55-59 years,55-59,2018,2018,228,1364260,16.7
Pancreas,21100,Hispanic,2135-2,Female,F,55-59 years,55-59,2019,2019,214,1416090,15.1
Pancreas,21100,Hispanic,2135-2,Female,F,60-64 years ,60-64,2010,2010,155,737964,21
Pancreas,21100,Hispanic,2135-2,Female,F,60-64 years ,60-64,2011,2011,173,781961,22.1
Pancreas,21100,Hispanic,2135-2,Female,F,60-64 years ,60-64,2012,2012,206,814341,25.3
Pancreas,21100,Hispanic,2135-2,Female,F,60-64 years ,60-64,2013,2013,240,853833,28.1
Pancreas,21100,Hispanic,2135-2,Female,F,60-64 years ,60-64,2014,2014,206,900474,22.9
Pancreas,21100,Hispanic,2135-2,Female,F,60-64 years ,60-64,2015,2015,214,950699,22.5
Pancreas,21100,Hispanic,2135-2,Female,F,60-64 years ,60-64,2016,2016,267,1002671,26.6
Pancreas,21100,Hispanic,2135-2,Female,F,60-64 years ,60-64,2017,2017,246,1057895,23.3
Pancreas,21100,Hispanic,2135-2,Female,F,60-64 years ,60-64,2018,2018,277,1092200,25.4
Pancreas,21100,Hispanic,2135-2,Female,F,60-64 years ,60-64,2019,2019,288,1137406,25.3
Pancreas,21100,Hispanic,2135-2,Female,F,65-69 years,65-69,2010,2010,187,525715,35.6
Pancreas,21100,Hispanic,2135-2,Female,F,65-69 years,65-69,2011,2011,179,556300,32.2
Pancreas,21100,Hispanic,2135-2,Female,F,65-69 years,65-69,2012,2012,213,598490,35.6
Pancreas,21100,Hispanic,2135-2,Female,F,65-69 years,65-69,2013,2013,224,636545,35.2
Pancreas,21100,Hispanic,2135-2,Female,F,65-69 years,65-69,2014,2014,247,676352,36.5
Pancreas,21100,Hispanic,2135-2,Female,F,65-69 years,65-69,2015,2015,265,721168,36.7
Pancreas,21100,Hispanic,2135-2,Female,F,65-69 years,65-69,2016,2016,285,763714,37.3
Pancreas,21100,Hispanic,2135-2,Female,F,65-69 years,65-69,2017,2017,323,794747,40.6
Pancreas,21100,Hispanic,2135-2,Female,F,65-69 years,65-69,2018,2018,313,821378,38.1
Pancreas,21100,Hispanic,2135-2,Female,F,65-69 years,65-69,2019,2019,352,863700,40.8
Pancreas,21100,Hispanic,2135-2,Female,F,70-74 years,70-74,2010,2010,192,398190,48.2
Pancreas,21100,Hispanic,2135-2,Female,F,70-74 years,70-74,2011,2011,210,414213,50.7
Pancreas,21100,Hispanic,2135-2,Female,F,70-74 years,70-74,2012,2012,217,432195,50.2
Pancreas,21100,Hispanic,2135-2,Female,F,70-74 years,70-74,2013,2013,242,455738,53.1
Pancreas,21100,Hispanic,2135-2,Female,F,70-74 years,70-74,2014,2014,243,479816,50.6
Pancreas,21100,Hispanic,2135-2,Female,F,70-74 years,70-74,2015,2015,248,505912,49
Pancreas,21100,Hispanic,2135-2,Female,F,70-74 years,70-74,2016,2016,286,535553,53.4
Pancreas,21100,Hispanic,2135-2,Female,F,70-74 years,70-74,2017,2017,297,575731,51.6
Pancreas,21100,Hispanic,2135-2,Female,F,70-74 years,70-74,2018,2018,335,603986,55.5
Pancreas,21100,Hispanic,2135-2,Female,F,70-74 years,70-74,2019,2019,346,639602,54.1
Pancreas,21100,Hispanic,2135-2,Female,F,75-79 years,75-79,2010,2010,208,299900,69.4
Pancreas,21100,Hispanic,2135-2,Female,F,75-79 years,75-79,2011,2011,212,311489,68.1
Pancreas,21100,Hispanic,2135-2,Female,F,75-79 years,75-79,2012,2012,217,323941,67
Pancreas,21100,Hispanic,2135-2,Female,F,75-79 years,75-79,2013,2013,239,339041,70.5
Pancreas,21100,Hispanic,2135-2,Female,F,75-79 years,75-79,2014,2014,241,354981,67.9
Pancreas,21100,Hispanic,2135-2,Female,F,75-79 years,75-79,2015,2015,274,369903,74.1
Pancreas,21100,Hispanic,2135-2,Female,F,75-79 years,75-79,2016,2016,285,385677,73.9
Pancreas,21100,Hispanic,2135-2,Female,F,75-79 years,75-79,2017,2017,313,403098,77.6
Pancreas,21100,Hispanic,2135-2,Female,F,75-79 years,75-79,2018,2018,333,420471,79.2
Pancreas,21100,Hispanic,2135-2,Female,F,75-79 years,75-79,2019,2019,356,441519,80.6
Pancreas,21100,Hispanic,2135-2,Female,F,80-84 years,80-84,2010,2010,195,215457,90.5
Pancreas,21100,Hispanic,2135-2,Female,F,80-84 years,80-84,2011,2011,178,226123,78.7
Pancreas,21100,Hispanic,2135-2,Female,F,80-84 years,80-84,2012,2012,190,235873,80.6
Pancreas,21100,Hispanic,2135-2,Female,F,80-84 years,80-84,2013,2013,181,243741,74.3
Pancreas,21100,Hispanic,2135-2,Female,F,80-84 years,80-84,2014,2014,197,251831,78.2
Pancreas,21100,Hispanic,2135-2,Female,F,80-84 years,80-84,2015,2015,210,261748,80.2
Pancreas,21100,Hispanic,2135-2,Female,F,80-84 years,80-84,2016,2016,253,272541,92.8
Pancreas,21100,Hispanic,2135-2,Female,F,80-84 years,80-84,2017,2017,242,284082,85.2
Pancreas,21100,Hispanic,2135-2,Female,F,80-84 years,80-84,2018,2018,245,295012,83
Pancreas,21100,Hispanic,2135-2,Female,F,80-84 years,80-84,2019,2019,253,308572,82
Pancreas,21100,Hispanic,2135-2,Female,F,85+ years,85+,2010,2010,174,179438,97
Pancreas,21100,Hispanic,2135-2,Female,F,85+ years,85+,2011,2011,221,193707,114.1
Pancreas,21100,Hispanic,2135-2,Female,F,85+ years,85+,2012,2012,206,208118,99
Pancreas,21100,Hispanic,2135-2,Female,F,85+ years,85+,2013,2013,225,223070,100.9
Pancreas,21100,Hispanic,2135-2,Female,F,85+ years,85+,2014,2014,238,239245,99.5
Pancreas,21100,Hispanic,2135-2,Female,F,85+ years,85+,2015,2015,238,257564,92.4
Pancreas,21100,Hispanic,2135-2,Female,F,85+ years,85+,2016,2016,259,274745,94.3
Pancreas,21100,Hispanic,2135-2,Female,F,85+ years,85+,2017,2017,260,291207,89.3
Pancreas,21100,Hispanic,2135-2,Female,F,85+ years,85+,2018,2018,271,304000,89.1
Pancreas,21100,Hispanic,2135-2,Female,F,85+ years,85+,2019,2019,293,319347,91.7
Pancreas,21100,Hispanic,2135-2,Male,M,< 1 year,1,2011,2011,0,514846,0
Pancreas,21100,Hispanic,2135-2,Male,M,< 1 year,1,2012,2012,0,503517,0
Pancreas,21100,Hispanic,2135-2,Male,M,< 1 year,1,2013,2013,0,501026,0
Pancreas,21100,Hispanic,2135-2,Male,M,< 1 year,1,2014,2014,0,506694,0
Pancreas,21100,Hispanic,2135-2,Male,M,< 1 year,1,2015,2015,0,513548,0
Pancreas,21100,Hispanic,2135-2,Male,M,< 1 year,1,2016,2016,0,516999,0
Pancreas,21100,Hispanic,2135-2,Male,M,< 1 year,1,2017,2017,0,507503,0
Pancreas,21100,Hispanic,2135-2,Male,M,< 1 year,1,2019,2019,0,491272,0
Pancreas,21100,Hispanic,2135-2,Male,M,1-4 years,4-Jan,2010,2010,0,2095735,0
Pancreas,21100,Hispanic,2135-2,Male,M,1-4 years,4-Jan,2011,2011,0,2100925,0
Pancreas,21100,Hispanic,2135-2,Male,M,1-4 years,4-Jan,2012,2012,0,2090045,0
Pancreas,21100,Hispanic,2135-2,Male,M,1-4 years,4-Jan,2013,2013,0,2066538,0
Pancreas,21100,Hispanic,2135-2,Male,M,1-4 years,4-Jan,2014,2014,0,2058362,0
Pancreas,21100,Hispanic,2135-2,Male,M,1-4 years,4-Jan,2016,2016,0,2054589,0
Pancreas,21100,Hispanic,2135-2,Male,M,1-4 years,4-Jan,2017,2017,0,2069984,0
Pancreas,21100,Hispanic,2135-2,Male,M,1-4 years,4-Jan,2018,2018,0,2045474,0
Pancreas,21100,Hispanic,2135-2,Male,M,1-4 years,4-Jan,2019,2019,0,2038045,0
Pancreas,21100,Hispanic,2135-2,Male,M,5-9 years,9-May,2010,2010,0,2451912,0
Pancreas,21100,Hispanic,2135-2,Male,M,5-9 years,9-May,2011,2011,0,2498265,0
Pancreas,21100,Hispanic,2135-2,Male,M,5-9 years,9-May,2012,2012,0,2559257,0
Pancreas,21100,Hispanic,2135-2,Male,M,5-9 years,9-May,2013,2013,0,2614540,0
Pancreas,21100,Hispanic,2135-2,Male,M,5-9 years,9-May,2014,2014,0,2644130,0
Pancreas,21100,Hispanic,2135-2,Male,M,5-9 years,9-May,2015,2015,0,2666165,0
Pancreas,21100,Hispanic,2135-2,Male,M,5-9 years,9-May,2017,2017,0,2661509,0
Pancreas,21100,Hispanic,2135-2,Male,M,5-9 years,9-May,2019,2019,0,2598040,0
Pancreas,21100,Hispanic,2135-2,Male,M,10-14 years,14-Oct,2011,2011,0,2357588,0
Pancreas,21100,Hispanic,2135-2,Male,M,10-14 years,14-Oct,2012,2012,0,2390149,0
Pancreas,21100,Hispanic,2135-2,Male,M,10-14 years,14-Oct,2013,2013,0,2426404,0
Pancreas,21100,Hispanic,2135-2,Male,M,10-14 years,14-Oct,2019,2019,0,2677243,0
Pancreas,21100,Hispanic,2135-2,Male,M,15-19 years,15-19,2011,2011,0,2351695,0
Pancreas,21100,Hispanic,2135-2,Male,M,15-19 years,15-19,2012,2012,0,2346475,0
Pancreas,21100,Hispanic,2135-2,Male,M,20-24 years,20-24,2012,2012,0,2398722,0
Pancreas,21100,Hispanic,2135-2,Male,M,20-24 years,20-24,2018,2018,0,2440789,0
Pancreas,21100,Hispanic,2135-2,Male,M,30-34 years,30-34,2018,2018,16,2352510,0.7
Pancreas,21100,Hispanic,2135-2,Male,M,35-39 years,35-39,2010,2010,23,1976821,1.2
Pancreas,21100,Hispanic,2135-2,Male,M,35-39 years,35-39,2011,2011,16,2000884,0.8
Pancreas,21100,Hispanic,2135-2,Male,M,35-39 years,35-39,2012,2012,29,2032271,1.4
Pancreas,21100,Hispanic,2135-2,Male,M,35-39 years,35-39,2013,2013,19,2069468,0.9
Pancreas,21100,Hispanic,2135-2,Male,M,35-39 years,35-39,2014,2014,25,2104660,1.2
Pancreas,21100,Hispanic,2135-2,Male,M,35-39 years,35-39,2015,2015,29,2166166,1.3
Pancreas,21100,Hispanic,2135-2,Male,M,35-39 years,35-39,2016,2016,33,2216668,1.5
Pancreas,21100,Hispanic,2135-2,Male,M,35-39 years,35-39,2017,2017,28,2266766,1.2
Pancreas,21100,Hispanic,2135-2,Male,M,35-39 years,35-39,2018,2018,28,2276321,1.2
Pancreas,21100,Hispanic,2135-2,Male,M,35-39 years,35-39,2019,2019,33,2304185,1.4
Pancreas,21100,Hispanic,2135-2,Male,M,40-44 years,40-44,2010,2010,48,1773273,2.7
Pancreas,21100,Hispanic,2135-2,Male,M,40-44 years,40-44,2011,2011,47,1818290,2.6
Pancreas,21100,Hispanic,2135-2,Male,M,40-44 years,40-44,2012,2012,46,1863528,2.5
Pancreas,21100,Hispanic,2135-2,Male,M,40-44 years,40-44,2013,2013,41,1898084,2.2
Pancreas,21100,Hispanic,2135-2,Male,M,40-44 years,40-44,2014,2014,44,1933029,2.3
Pancreas,21100,Hispanic,2135-2,Male,M,40-44 years,40-44,2015,2015,45,1965366,2.3
Pancreas,21100,Hispanic,2135-2,Male,M,40-44 years,40-44,2016,2016,43,1998318,2.2
Pancreas,21100,Hispanic,2135-2,Male,M,40-44 years,40-44,2017,2017,67,2036750,3.3
Pancreas,21100,Hispanic,2135-2,Male,M,40-44 years,40-44,2018,2018,59,2047580,2.9
Pancreas,21100,Hispanic,2135-2,Male,M,40-44 years,40-44,2019,2019,54,2080315,2.6
Pancreas,21100,Hispanic,2135-2,Male,M,45-49 years,45-49,2010,2010,88,1535933,5.7
Pancreas,21100,Hispanic,2135-2,Male,M,45-49 years,45-49,2011,2011,96,1584142,6.1
Pancreas,21100,Hispanic,2135-2,Male,M,45-49 years,45-49,2012,2012,83,1622052,5.1
Pancreas,21100,Hispanic,2135-2,Male,M,45-49 years,45-49,2013,2013,102,1663307,6.1
Pancreas,21100,Hispanic,2135-2,Male,M,45-49 years,45-49,2014,2014,79,1698468,4.7
Pancreas,21100,Hispanic,2135-2,Male,M,45-49 years,45-49,2015,2015,94,1746136,5.4
Pancreas,21100,Hispanic,2135-2,Male,M,45-49 years,45-49,2016,2016,92,1794921,5.1
Pancreas,21100,Hispanic,2135-2,Male,M,45-49 years,45-49,2017,2017,106,1843707,5.7
Pancreas,21100,Hispanic,2135-2,Male,M,45-49 years,45-49,2018,2018,105,1852278,5.7
Pancreas,21100,Hispanic,2135-2,Male,M,45-49 years,45-49,2019,2019,128,1885255,6.8
Pancreas,21100,Hispanic,2135-2,Male,M,50-54 years,50-54,2010,2010,128,1224919,10.4
Pancreas,21100,Hispanic,2135-2,Male,M,50-54 years,50-54,2011,2011,140,1278434,11
Pancreas,21100,Hispanic,2135-2,Male,M,50-54 years,50-54,2012,2012,125,1333228,9.4
Pancreas,21100,Hispanic,2135-2,Male,M,50-54 years,50-54,2013,2013,179,1390729,12.9
Pancreas,21100,Hispanic,2135-2,Male,M,50-54 years,50-54,2014,2014,151,1448603,10.4
Pancreas,21100,Hispanic,2135-2,Male,M,50-54 years,50-54,2015,2015,179,1498114,11.9
Pancreas,21100,Hispanic,2135-2,Male,M,50-54 years,50-54,2016,2016,197,1547830,12.7
Pancreas,21100,Hispanic,2135-2,Male,M,50-54 years,50-54,2017,2017,184,1587205,11.6
Pancreas,21100,Hispanic,2135-2,Male,M,50-54 years,50-54,2018,2018,195,1604380,12.2
Pancreas,21100,Hispanic,2135-2,Male,M,50-54 years,50-54,2019,2019,189,1636624,11.5
Pancreas,21100,Hispanic,2135-2,Male,M,55-59 years,55-59,2010,2010,151,901779,16.7
Pancreas,21100,Hispanic,2135-2,Male,M,55-59 years,55-59,2011,2011,187,954122,19.6
Pancreas,21100,Hispanic,2135-2,Male,M,55-59 years,55-59,2012,2012,173,1011415,17.1
Pancreas,21100,Hispanic,2135-2,Male,M,55-59 years,55-59,2013,2013,205,1064099,19.3
Pancreas,21100,Hispanic,2135-2,Male,M,55-59 years,55-59,2014,2014,211,1118840,18.9
Pancreas,21100,Hispanic,2135-2,Male,M,55-59 years,55-59,2015,2015,225,1180745,19.1
Pancreas,21100,Hispanic,2135-2,Male,M,55-59 years,55-59,2016,2016,239,1233990,19.4
Pancreas,21100,Hispanic,2135-2,Male,M,55-59 years,55-59,2017,2017,268,1288774,20.8
Pancreas,21100,Hispanic,2135-2,Male,M,55-59 years,55-59,2018,2018,313,1326839,23.6
Pancreas,21100,Hispanic,2135-2,Male,M,55-59 years,55-59,2019,2019,248,1381452,18
Pancreas,21100,Hispanic,2135-2,Male,M,60-64 years ,60-64,2010,2010,203,655452,31
Pancreas,21100,Hispanic,2135-2,Male,M,60-64 years ,60-64,2011,2011,203,698518,29.1
Pancreas,21100,Hispanic,2135-2,Male,M,60-64 years ,60-64,2012,2012,238,729418,32.6
Pancreas,21100,Hispanic,2135-2,Male,M,60-64 years ,60-64,2013,2013,231,765516,30.2
Pancreas,21100,Hispanic,2135-2,Male,M,60-64 years ,60-64,2014,2014,260,808583,32.2
Pancreas,21100,Hispanic,2135-2,Male,M,60-64 years ,60-64,2015,2015,285,858715,33.2
Pancreas,21100,Hispanic,2135-2,Male,M,60-64 years ,60-64,2016,2016,301,908673,33.1
Pancreas,21100,Hispanic,2135-2,Male,M,60-64 years ,60-64,2017,2017,297,963578,30.8
Pancreas,21100,Hispanic,2135-2,Male,M,60-64 years ,60-64,2018,2018,319,1000500,31.9
Pancreas,21100,Hispanic,2135-2,Male,M,60-64 years ,60-64,2019,2019,338,1051061,32.2
Pancreas,21100,Hispanic,2135-2,Male,M,65-69 years,65-69,2010,2010,212,434763,48.8
Pancreas,21100,Hispanic,2135-2,Male,M,65-69 years,65-69,2011,2011,210,462496,45.4
Pancreas,21100,Hispanic,2135-2,Male,M,65-69 years,65-69,2012,2012,202,501698,40.3
Pancreas,21100,Hispanic,2135-2,Male,M,65-69 years,65-69,2013,2013,267,539247,49.5
Pancreas,21100,Hispanic,2135-2,Male,M,65-69 years,65-69,2014,2014,227,576689,39.4
Pancreas,21100,Hispanic,2135-2,Male,M,65-69 years,65-69,2015,2015,279,615905,45.3
Pancreas,21100,Hispanic,2135-2,Male,M,65-69 years,65-69,2016,2016,334,656191,50.9
Pancreas,21100,Hispanic,2135-2,Male,M,65-69 years,65-69,2017,2017,323,684872,47.2
Pancreas,21100,Hispanic,2135-2,Male,M,65-69 years,65-69,2018,2018,392,708975,55.3
Pancreas,21100,Hispanic,2135-2,Male,M,65-69 years,65-69,2019,2019,379,746982,50.7
Pancreas,21100,Hispanic,2135-2,Male,M,70-74 years,70-74,2010,2010,201,309184,65
Pancreas,21100,Hispanic,2135-2,Male,M,70-74 years,70-74,2011,2011,219,322029,68
Pancreas,21100,Hispanic,2135-2,Male,M,70-74 years,70-74,2012,2012,201,337131,59.6
Pancreas,21100,Hispanic,2135-2,Male,M,70-74 years,70-74,2013,2013,238,355548,66.9
Pancreas,21100,Hispanic,2135-2,Male,M,70-74 years,70-74,2014,2014,252,374928,67.2
Pancreas,21100,Hispanic,2135-2,Male,M,70-74 years,70-74,2015,2015,264,398203,66.3
Pancreas,21100,Hispanic,2135-2,Male,M,70-74 years,70-74,2016,2016,244,423779,57.6
Pancreas,21100,Hispanic,2135-2,Male,M,70-74 years,70-74,2017,2017,309,460025,67.2
Pancreas,21100,Hispanic,2135-2,Male,M,70-74 years,70-74,2018,2018,294,488602,60.2
Pancreas,21100,Hispanic,2135-2,Male,M,70-74 years,70-74,2019,2019,319,522342,61.1
Pancreas,21100,Hispanic,2135-2,Male,M,75-79 years,75-79,2010,2010,158,215234,73.4
Pancreas,21100,Hispanic,2135-2,Male,M,75-79 years,75-79,2011,2011,179,224297,79.8
Pancreas,21100,Hispanic,2135-2,Male,M,75-79 years,75-79,2012,2012,180,234251,76.8
Pancreas,21100,Hispanic,2135-2,Male,M,75-79 years,75-79,2013,2013,190,246495,77.1
Pancreas,21100,Hispanic,2135-2,Male,M,75-79 years,75-79,2014,2014,183,259101,70.6
Pancreas,21100,Hispanic,2135-2,Male,M,75-79 years,75-79,2015,2015,232,271141,85.6
Pancreas,21100,Hispanic,2135-2,Male,M,75-79 years,75-79,2016,2016,219,283084,77.4
Pancreas,21100,Hispanic,2135-2,Male,M,75-79 years,75-79,2017,2017,233,296554,78.6
Pancreas,21100,Hispanic,2135-2,Male,M,75-79 years,75-79,2018,2018,248,308891,80.3
Pancreas,21100,Hispanic,2135-2,Male,M,75-79 years,75-79,2019,2019,262,325415,80.5
Pancreas,21100,Hispanic,2135-2,Male,M,80-84 years,80-84,2010,2010,112,141349,79.2
Pancreas,21100,Hispanic,2135-2,Male,M,80-84 years,80-84,2011,2011,149,149271,99.8
Pancreas,21100,Hispanic,2135-2,Male,M,80-84 years,80-84,2012,2012,132,156401,84.4
Pancreas,21100,Hispanic,2135-2,Male,M,80-84 years,80-84,2013,2013,145,161696,89.7
Pancreas,21100,Hispanic,2135-2,Male,M,80-84 years,80-84,2014,2014,152,167726,90.6
Pancreas,21100,Hispanic,2135-2,Male,M,80-84 years,80-84,2015,2015,173,174978,98.9
Pancreas,21100,Hispanic,2135-2,Male,M,80-84 years,80-84,2016,2016,176,183368,96
Pancreas,21100,Hispanic,2135-2,Male,M,80-84 years,80-84,2017,2017,173,192184,90
Pancreas,21100,Hispanic,2135-2,Male,M,80-84 years,80-84,2018,2018,186,200482,92.8
Pancreas,21100,Hispanic,2135-2,Male,M,80-84 years,80-84,2019,2019,192,210854,91.1
Pancreas,21100,Hispanic,2135-2,Male,M,85+ years,85+,2010,2010,100,96821,103.3
Pancreas,21100,Hispanic,2135-2,Male,M,85+ years,85+,2011,2011,95,105041,90.4
Pancreas,21100,Hispanic,2135-2,Male,M,85+ years,85+,2012,2012,104,113672,91.5
Pancreas,21100,Hispanic,2135-2,Male,M,85+ years,85+,2013,2013,103,122937,83.8
Pancreas,21100,Hispanic,2135-2,Male,M,85+ years,85+,2014,2014,123,133201,92.3
Pancreas,21100,Hispanic,2135-2,Male,M,85+ years,85+,2015,2015,140,144679,96.8
Pancreas,21100,Hispanic,2135-2,Male,M,85+ years,85+,2016,2016,153,155453,98.4
Pancreas,21100,Hispanic,2135-2,Male,M,85+ years,85+,2017,2017,143,165344,86.5
Pancreas,21100,Hispanic,2135-2,Male,M,85+ years,85+,2018,2018,150,172462,87
Pancreas,21100,Hispanic,2135-2,Male,M,85+ years,85+,2019,2019,167,181937,91.8
Pancreas,21100,Non-Hispanic,2186-5,Female,F,< 1 year,1,2010,2010,0,1435530,0
Pancreas,21100,Non-Hispanic,2186-5,Female,F,< 1 year,1,2011,2011,0,1439261,0
Pancreas,21100,Non-Hispanic,2186-5,Female,F,< 1 year,1,2012,2012,0,1434325,0
Pancreas,21100,Non-Hispanic,2186-5,Female,F,< 1 year,1,2013,2013,0,1438722,0
Pancreas,21100,Non-Hispanic,2186-5,Female,F,< 1 year,1,2018,2018,0,1376861,0
Pancreas,21100,Non-Hispanic,2186-5,Female,F,< 1 year,1,2019,2019,0,1349024,0
Pancreas,21100,Non-Hispanic,2186-5,Female,F,1-4 years,4-Jan,2010,2010,0,5932695,0
Pancreas,21100,Non-Hispanic,2186-5,Female,F,1-4 years,4-Jan,2012,2012,0,5844548,0
Pancreas,21100,Non-Hispanic,2186-5,Female,F,1-4 years,4-Jan,2013,2013,0,5797884,0
Pancreas,21100,Non-Hispanic,2186-5,Female,F,1-4 years,4-Jan,2014,2014,0,5801523,0
Pancreas,21100,Non-Hispanic,2186-5,Female,F,1-4 years,4-Jan,2015,2015,0,5813399,0
Pancreas,21100,Non-Hispanic,2186-5,Female,F,1-4 years,4-Jan,2017,2017,0,5834347,0
Pancreas,21100,Non-Hispanic,2186-5,Female,F,5-9 years,9-May,2010,2010,0,7593331,0
Pancreas,21100,Non-Hispanic,2186-5,Female,F,5-9 years,9-May,2012,2012,0,7556279,0
Pancreas,21100,Non-Hispanic,2186-5,Female,F,5-9 years,9-May,2013,2013,0,7556572,0
Pancreas,21100,Non-Hispanic,2186-5,Female,F,5-9 years,9-May,2016,2016,0,7432823,0
Pancreas,21100,Non-Hispanic,2186-5,Female,F,10-14 years,14-Oct,2013,2013,0,7765156,0
Pancreas,21100,Non-Hispanic,2186-5,Female,F,15-19 years,15-19,2014,2014,17,8022664,0.2
Pancreas,21100,Non-Hispanic,2186-5,Female,F,15-19 years,15-19,2015,2015,19,8001227,0.2
Pancreas,21100,Non-Hispanic,2186-5,Female,F,15-19 years,15-19,2018,2018,20,7828516,0.3
Pancreas,21100,Non-Hispanic,2186-5,Female,F,15-19 years,15-19,2019,2019,29,7789482,0.4
Pancreas,21100,Non-Hispanic,2186-5,Female,F,20-24 years,20-24,2010,2010,19,8596027,0.2
Pancreas,21100,Non-Hispanic,2186-5,Female,F,20-24 years,20-24,2012,2012,24,8883590,0.3
Pancreas,21100,Non-Hispanic,2186-5,Female,F,20-24 years,20-24,2013,2013,28,8917465,0.3
Pancreas,21100,Non-Hispanic,2186-5,Female,F,20-24 years,20-24,2014,2014,21,8882280,0.2
Pancreas,21100,Non-Hispanic,2186-5,Female,F,20-24 years,20-24,2015,2015,20,8740903,0.2
Pancreas,21100,Non-Hispanic,2186-5,Female,F,20-24 years,20-24,2016,2016,22,8563488,0.3
Pancreas,21100,Non-Hispanic,2186-5,Female,F,20-24 years,20-24,2017,2017,25,8420960,0.3
Pancreas,21100,Non-Hispanic,2186-5,Female,F,20-24 years,20-24,2018,2018,33,8255848,0.4
Pancreas,21100,Non-Hispanic,2186-5,Female,F,20-24 years,20-24,2019,2019,27,8161863,0.3
Pancreas,21100,Non-Hispanic,2186-5,Female,F,25-29 years,25-29,2010,2010,30,8446674,0.4
Pancreas,21100,Non-Hispanic,2186-5,Female,F,25-29 years,25-29,2011,2011,28,8491513,0.3
Pancreas,21100,Non-Hispanic,2186-5,Female,F,25-29 years,25-29,2012,2012,37,8517189,0.4
Pancreas,21100,Non-Hispanic,2186-5,Female,F,25-29 years,25-29,2013,2013,24,8579063,0.3
Pancreas,21100,Non-Hispanic,2186-5,Female,F,25-29 years,25-29,2014,2014,36,8723564,0.4
Pancreas,21100,Non-Hispanic,2186-5,Female,F,25-29 years,25-29,2015,2015,33,8890188,0.4
Pancreas,21100,Non-Hispanic,2186-5,Female,F,25-29 years,25-29,2016,2016,48,9068446,0.5
Pancreas,21100,Non-Hispanic,2186-5,Female,F,25-29 years,25-29,2017,2017,39,9189373,0.4
Pancreas,21100,Non-Hispanic,2186-5,Female,F,25-29 years,25-29,2018,2018,35,9127853,0.4
Pancreas,21100,Non-Hispanic,2186-5,Female,F,25-29 years,25-29,2019,2019,39,9063752,0.4
Pancreas,21100,Non-Hispanic,2186-5,Female,F,30-34 years,30-34,2010,2010,41,8027323,0.5
Pancreas,21100,Non-Hispanic,2186-5,Female,F,30-34 years,30-34,2011,2011,42,8216471,0.5
Pancreas,21100,Non-Hispanic,2186-5,Female,F,30-34 years,30-34,2012,2012,44,8371467,0.5
Pancreas,21100,Non-Hispanic,2186-5,Female,F,30-34 years,30-34,2013,2013,74,8514549,0.9
Pancreas,21100,Non-Hispanic,2186-5,Female,F,30-34 years,30-34,2014,2014,76,8600867,0.9
Pancreas,21100,Non-Hispanic,2186-5,Female,F,30-34 years,30-34,2015,2015,64,8649712,0.7
Pancreas,21100,Non-Hispanic,2186-5,Female,F,30-34 years,30-34,2016,2016,60,8707824,0.7
Pancreas,21100,Non-Hispanic,2186-5,Female,F,30-34 years,30-34,2017,2017,71,8740200,0.8
Pancreas,21100,Non-Hispanic,2186-5,Female,F,30-34 years,30-34,2018,2018,88,8720414,1
Pancreas,21100,Non-Hispanic,2186-5,Female,F,30-34 years,30-34,2019,2019,65,8842175,0.7
Pancreas,21100,Non-Hispanic,2186-5,Female,F,35-39 years,35-39,2010,2010,88,8192355,1.1
Pancreas,21100,Non-Hispanic,2186-5,Female,F,35-39 years,35-39,2011,2011,106,7926905,1.3
Pancreas,21100,Non-Hispanic,2186-5,Female,F,35-39 years,35-39,2012,2012,73,7841306,0.9
Pancreas,21100,Non-Hispanic,2186-5,Female,F,35-39 years,35-39,2013,2013,109,7862457,1.4
Pancreas,21100,Non-Hispanic,2186-5,Female,F,35-39 years,35-39,2014,2014,124,7964937,1.6
Pancreas,21100,Non-Hispanic,2186-5,Female,F,35-39 years,35-39,2015,2015,127,8129110,1.6
Pancreas,21100,Non-Hispanic,2186-5,Female,F,35-39 years,35-39,2016,2016,152,8323483,1.8
Pancreas,21100,Non-Hispanic,2186-5,Female,F,35-39 years,35-39,2017,2017,131,8480783,1.5
Pancreas,21100,Non-Hispanic,2186-5,Female,F,35-39 years,35-39,2018,2018,125,8547717,1.5
Pancreas,21100,Non-Hispanic,2186-5,Female,F,35-39 years,35-39,2019,2019,99,8621130,1.1
Pancreas,21100,Non-Hispanic,2186-5,Female,F,40-44 years,40-44,2010,2010,219,8814681,2.5
Pancreas,21100,Non-Hispanic,2186-5,Female,F,40-44 years,40-44,2011,2011,217,8833145,2.5
Pancreas,21100,Non-Hispanic,2186-5,Female,F,40-44 years,40-44,2012,2012,220,8776307,2.5
Pancreas,21100,Non-Hispanic,2186-5,Female,F,40-44 years,40-44,2013,2013,233,8652200,2.7
Pancreas,21100,Non-Hispanic,2186-5,Female,F,40-44 years,40-44,2014,2014,233,8460003,2.8
Pancreas,21100,Non-Hispanic,2186-5,Female,F,40-44 years,40-44,2015,2015,229,8227310,2.8
Pancreas,21100,Non-Hispanic,2186-5,Female,F,40-44 years,40-44,2016,2016,230,7968470,2.9
Pancreas,21100,Non-Hispanic,2186-5,Female,F,40-44 years,40-44,2017,2017,215,7884786,2.7
Pancreas,21100,Non-Hispanic,2186-5,Female,F,40-44 years,40-44,2018,2018,239,7835810,3.1
Pancreas,21100,Non-Hispanic,2186-5,Female,F,40-44 years,40-44,2019,2019,227,7925575,2.9
Pancreas,21100,Non-Hispanic,2186-5,Female,F,45-49 years,45-49,2010,2010,518,9954254,5.2
Pancreas,21100,Non-Hispanic,2186-5,Female,F,45-49 years,45-49,2011,2011,527,9665956,5.5
Pancreas,21100,Non-Hispanic,2186-5,Female,F,45-49 years,45-49,2012,2012,508,9384420,5.4
Pancreas,21100,Non-Hispanic,2186-5,Female,F,45-49 years,45-49,2013,2013,493,9096642,5.4
Pancreas,21100,Non-Hispanic,2186-5,Female,F,45-49 years,45-49,2014,2014,495,8863269,5.6
Pancreas,21100,Non-Hispanic,2186-5,Female,F,45-49 years,45-49,2015,2015,463,8780955,5.3
Pancreas,21100,Non-Hispanic,2186-5,Female,F,45-49 years,45-49,2016,2016,536,8801880,6.1
Pancreas,21100,Non-Hispanic,2186-5,Female,F,45-49 years,45-49,2017,2017,495,8744464,5.7
Pancreas,21100,Non-Hispanic,2186-5,Female,F,45-49 years,45-49,2018,2018,503,8545543,5.9
Pancreas,21100,Non-Hispanic,2186-5,Female,F,45-49 years,45-49,2019,2019,499,8349393,6
Pancreas,21100,Non-Hispanic,2186-5,Female,F,50-54 years,50-54,2010,2010,960,10148140,9.5
Pancreas,21100,Non-Hispanic,2186-5,Female,F,50-54 years,50-54,2011,2011,939,10203209,9.2
Pancreas,21100,Non-Hispanic,2186-5,Female,F,50-54 years,50-54,2012,2012,1004,10153717,9.9
Pancreas,21100,Non-Hispanic,2186-5,Female,F,50-54 years,50-54,2013,2013,1048,10086595,10.4
Pancreas,21100,Non-Hispanic,2186-5,Female,F,50-54 years,50-54,2014,2014,1108,10010876,11.1
Pancreas,21100,Non-Hispanic,2186-5,Female,F,50-54 years,50-54,2015,2015,1103,9832235,11.2
Pancreas,21100,Non-Hispanic,2186-5,Female,F,50-54 years,50-54,2016,2016,1056,9549040,11.1
Pancreas,21100,Non-Hispanic,2186-5,Female,F,50-54 years,50-54,2017,2017,950,9270786,10.2
Pancreas,21100,Non-Hispanic,2186-5,Female,F,50-54 years,50-54,2018,2018,966,8913224,10.8
Pancreas,21100,Non-Hispanic,2186-5,Female,F,50-54 years,50-54,2019,2019,883,8679784,10.2
Pancreas,21100,Non-Hispanic,2186-5,Female,F,55-59 years,55-59,2010,2010,1507,9242709,16.3
Pancreas,21100,Non-Hispanic,2186-5,Female,F,55-59 years,55-59,2011,2011,1582,9425306,16.8
Pancreas,21100,Non-Hispanic,2186-5,Female,F,55-59 years,55-59,2012,2012,1574,9628146,16.3
Pancreas,21100,Non-Hispanic,2186-5,Female,F,55-59 years,55-59,2013,2013,1701,9778678,17.4
Pancreas,21100,Non-Hispanic,2186-5,Female,F,55-59 years,55-59,2014,2014,1816,9867025,18.4
Pancreas,21100,Non-Hispanic,2186-5,Female,F,55-59 years,55-59,2015,2015,1828,9943527,18.4
Pancreas,21100,Non-Hispanic,2186-5,Female,F,55-59 years,55-59,2016,2016,1812,9996851,18.1
Pancreas,21100,Non-Hispanic,2186-5,Female,F,55-59 years,55-59,2017,2017,1850,9945768,18.6
Pancreas,21100,Non-Hispanic,2186-5,Female,F,55-59 years,55-59,2018,2018,1857,9796725,19
Pancreas,21100,Non-Hispanic,2186-5,Female,F,55-59 years,55-59,2019,2019,1788,9716834,18.4
Pancreas,21100,Non-Hispanic,2186-5,Female,F,60-64 years ,60-64,2010,2010,2074,8093197,25.6
Pancreas,21100,Non-Hispanic,2186-5,Female,F,60-64 years ,60-64,2011,2011,2118,8487221,25
Pancreas,21100,Non-Hispanic,2186-5,Female,F,60-64 years ,60-64,2012,2012,2296,8464247,27.1
Pancreas,21100,Non-Hispanic,2186-5,Female,F,60-64 years ,60-64,2013,2013,2317,8590723,27
Pancreas,21100,Non-Hispanic,2186-5,Female,F,60-64 years ,60-64,2014,2014,2381,8771616,27.1
Pancreas,21100,Non-Hispanic,2186-5,Female,F,60-64 years ,60-64,2015,2015,2621,8976155,29.2
Pancreas,21100,Non-Hispanic,2186-5,Female,F,60-64 years ,60-64,2016,2016,2532,9150744,27.7
Pancreas,21100,Non-Hispanic,2186-5,Female,F,60-64 years ,60-64,2017,2017,2736,9341031,29.3
Pancreas,21100,Non-Hispanic,2186-5,Female,F,60-64 years ,60-64,2018,2018,2651,9399808,28.2
Pancreas,21100,Non-Hispanic,2186-5,Female,F,60-64 years ,60-64,2019,2019,2770,9476218,29.2
Pancreas,21100,Non-Hispanic,2186-5,Female,F,65-69 years,65-69,2010,2010,2351,6100057,38.5
Pancreas,21100,Non-Hispanic,2186-5,Female,F,65-69 years,65-69,2011,2011,2452,6249094,39.2
Pancreas,21100,Non-Hispanic,2186-5,Female,F,65-69 years,65-69,2012,2012,2673,6774380,39.5
Pancreas,21100,Non-Hispanic,2186-5,Female,F,65-69 years,65-69,2013,2013,2761,7053617,39.1
Pancreas,21100,Non-Hispanic,2186-5,Female,F,65-69 years,65-69,2014,2014,3029,7385971,41
Pancreas,21100,Non-Hispanic,2186-5,Female,F,65-69 years,65-69,2015,2015,3059,7733156,39.6
Pancreas,21100,Non-Hispanic,2186-5,Female,F,65-69 years,65-69,2016,2016,3329,8110699,41
Pancreas,21100,Non-Hispanic,2186-5,Female,F,65-69 years,65-69,2017,2017,3357,8089660,41.5
Pancreas,21100,Non-Hispanic,2186-5,Female,F,65-69 years,65-69,2018,2018,3451,8136204,42.4
Pancreas,21100,Non-Hispanic,2186-5,Female,F,65-69 years,65-69,2019,2019,3447,8302614,41.5
Pancreas,21100,Non-Hispanic,2186-5,Female,F,70-74 years,70-74,2010,2010,2566,4664544,55
Pancreas,21100,Non-Hispanic,2186-5,Female,F,70-74 years,70-74,2011,2011,2632,4790304,54.9
Pancreas,21100,Non-Hispanic,2186-5,Female,F,70-74 years,70-74,2012,2012,2777,4982686,55.7
Pancreas,21100,Non-Hispanic,2186-5,Female,F,70-74 years,70-74,2013,2013,2843,5268025,54
Pancreas,21100,Non-Hispanic,2186-5,Female,F,70-74 years,70-74,2014,2014,2938,5487191,53.5
Pancreas,21100,Non-Hispanic,2186-5,Female,F,70-74 years,70-74,2015,2015,3151,5669488,55.6
Pancreas,21100,Non-Hispanic,2186-5,Female,F,70-74 years,70-74,2016,2016,3204,5811456,55.1
Pancreas,21100,Non-Hispanic,2186-5,Female,F,70-74 years,70-74,2017,2017,3493,6305811,55.4
Pancreas,21100,Non-Hispanic,2186-5,Female,F,70-74 years,70-74,2018,2018,3735,6507789,57.4
Pancreas,21100,Non-Hispanic,2186-5,Female,F,70-74 years,70-74,2019,2019,3799,6815737,55.7
Pancreas,21100,Non-Hispanic,2186-5,Female,F,75-79 years,75-79,2010,2010,2716,3833195,70.9
Pancreas,21100,Non-Hispanic,2186-5,Female,F,75-79 years,75-79,2011,2011,2668,3844799,69.4
Pancreas,21100,Non-Hispanic,2186-5,Female,F,75-79 years,75-79,2012,2012,2697,3876969,69.6
Pancreas,21100,Non-Hispanic,2186-5,Female,F,75-79 years,75-79,2013,2013,2717,3952711,68.7
Pancreas,21100,Non-Hispanic,2186-5,Female,F,75-79 years,75-79,2014,2014,2899,4053971,71.5
Pancreas,21100,Non-Hispanic,2186-5,Female,F,75-79 years,75-79,2015,2015,3005,4137478,72.6
Pancreas,21100,Non-Hispanic,2186-5,Female,F,75-79 years,75-79,2016,2016,3059,4256558,71.9
Pancreas,21100,Non-Hispanic,2186-5,Female,F,75-79 years,75-79,2017,2017,3296,4430088,74.4
Pancreas,21100,Non-Hispanic,2186-5,Female,F,75-79 years,75-79,2018,2018,3446,4648924,74.1
Pancreas,21100,Non-Hispanic,2186-5,Female,F,75-79 years,75-79,2019,2019,3535,4842421,73
Pancreas,21100,Non-Hispanic,2186-5,Female,F,80-84 years,80-84,2010,2010,2656,3236673,82.1
Pancreas,21100,Non-Hispanic,2186-5,Female,F,80-84 years,80-84,2011,2011,2796,3217181,86.9
Pancreas,21100,Non-Hispanic,2186-5,Female,F,80-84 years,80-84,2012,2012,2728,3189375,85.5
Pancreas,21100,Non-Hispanic,2186-5,Female,F,80-84 years,80-84,2013,2013,2592,3154097,82.2
Pancreas,21100,Non-Hispanic,2186-5,Female,F,80-84 years,80-84,2014,2014,2583,3127180,82.6
Pancreas,21100,Non-Hispanic,2186-5,Female,F,80-84 years,80-84,2015,2015,2767,3124521,88.6
Pancreas,21100,Non-Hispanic,2186-5,Female,F,80-84 years,80-84,2016,2016,2670,3142940,85
Pancreas,21100,Non-Hispanic,2186-5,Female,F,80-84 years,80-84,2017,2017,2704,3171419,85.3
Pancreas,21100,Non-Hispanic,2186-5,Female,F,80-84 years,80-84,2018,2018,2808,3214529,87.4
Pancreas,21100,Non-Hispanic,2186-5,Female,F,80-84 years,80-84,2019,2019,2854,3298727,86.5
Pancreas,21100,Non-Hispanic,2186-5,Female,F,85+ years,85+,2010,2010,3328,3553701,93.6
Pancreas,21100,Non-Hispanic,2186-5,Female,F,85+ years,85+,2011,2011,3414,3620696,94.3
Pancreas,21100,Non-Hispanic,2186-5,Female,F,85+ years,85+,2012,2012,3498,3694312,94.7
Pancreas,21100,Non-Hispanic,2186-5,Female,F,85+ years,85+,2013,2013,3528,3741575,94.3
Pancreas,21100,Non-Hispanic,2186-5,Female,F,85+ years,85+,2014,2014,3553,3794531,93.6
Pancreas,21100,Non-Hispanic,2186-5,Female,F,85+ years,85+,2015,2015,3514,3835765,91.6
Pancreas,21100,Non-Hispanic,2186-5,Female,F,85+ years,85+,2016,2016,3594,3873638,92.8
Pancreas,21100,Non-Hispanic,2186-5,Female,F,85+ years,85+,2017,2017,3578,3890440,92
Pancreas,21100,Non-Hispanic,2186-5,Female,F,85+ years,85+,2018,2018,3421,3875988,88.3
Pancreas,21100,Non-Hispanic,2186-5,Female,F,85+ years,85+,2019,2019,3526,3879627,90.9
Pancreas,21100,Non-Hispanic,2186-5,Male,M,< 1 year,1,2010,2010,0,1502023,0
Pancreas,21100,Non-Hispanic,2186-5,Male,M,< 1 year,1,2012,2012,0,1504309,0
Pancreas,21100,Non-Hispanic,2186-5,Male,M,< 1 year,1,2013,2013,0,1508764,0
Pancreas,21100,Non-Hispanic,2186-5,Male,M,< 1 year,1,2014,2014,0,1517910,0
Pancreas,21100,Non-Hispanic,2186-5,Male,M,< 1 year,1,2015,2015,0,1524180,0
Pancreas,21100,Non-Hispanic,2186-5,Male,M,< 1 year,1,2019,2019,0,1411444,0
Pancreas,21100,Non-Hispanic,2186-5,Male,M,5-9 years,9-May,2011,2011,0,7884623,0
Pancreas,21100,Non-Hispanic,2186-5,Male,M,5-9 years,9-May,2013,2013,0,7892123,0
Pancreas,21100,Non-Hispanic,2186-5,Male,M,5-9 years,9-May,2014,2014,0,7836023,0
Pancreas,21100,Non-Hispanic,2186-5,Male,M,5-9 years,9-May,2019,2019,0,7638076,0
Pancreas,21100,Non-Hispanic,2186-5,Male,M,10-14 years,14-Oct,2010,2010,0,8258957,0
Pancreas,21100,Non-Hispanic,2186-5,Male,M,20-24 years,20-24,2015,2015,18,9163705,0.2
Pancreas,21100,Non-Hispanic,2186-5,Male,M,20-24 years,20-24,2017,2017,18,8838233,0.2
Pancreas,21100,Non-Hispanic,2186-5,Male,M,25-29 years,25-29,2011,2011,26,8454723,0.3
Pancreas,21100,Non-Hispanic,2186-5,Male,M,25-29 years,25-29,2012,2012,20,8527511,0.2
Pancreas,21100,Non-Hispanic,2186-5,Male,M,25-29 years,25-29,2013,2013,17,8627020,0.2
Pancreas,21100,Non-Hispanic,2186-5,Male,M,25-29 years,25-29,2014,2014,28,8811819,0.3
Pancreas,21100,Non-Hispanic,2186-5,Male,M,25-29 years,25-29,2015,2015,16,9016028,0.2
Pancreas,21100,Non-Hispanic,2186-5,Male,M,25-29 years,25-29,2016,2016,28,9229105,0.3
Pancreas,21100,Non-Hispanic,2186-5,Male,M,25-29 years,25-29,2017,2017,23,9398011,0.2
Pancreas,21100,Non-Hispanic,2186-5,Male,M,25-29 years,25-29,2018,2018,21,9394557,0.2
Pancreas,21100,Non-Hispanic,2186-5,Male,M,25-29 years,25-29,2019,2019,25,9375426,0.3
Pancreas,21100,Non-Hispanic,2186-5,Male,M,30-34 years,30-34,2010,2010,51,7897433,0.6
Pancreas,21100,Non-Hispanic,2186-5,Male,M,30-34 years,30-34,2011,2011,33,8079900,0.4
Pancreas,21100,Non-Hispanic,2186-5,Male,M,30-34 years,30-34,2012,2012,51,8244630,0.6
Pancreas,21100,Non-Hispanic,2186-5,Male,M,30-34 years,30-34,2013,2013,50,8396167,0.6
Pancreas,21100,Non-Hispanic,2186-5,Male,M,30-34 years,30-34,2014,2014,67,8493831,0.8
Pancreas,21100,Non-Hispanic,2186-5,Male,M,30-34 years,30-34,2015,2015,81,8559785,0.9
Pancreas,21100,Non-Hispanic,2186-5,Male,M,30-34 years,30-34,2016,2016,55,8650572,0.6
Pancreas,21100,Non-Hispanic,2186-5,Male,M,30-34 years,30-34,2017,2017,67,8716423,0.8
Pancreas,21100,Non-Hispanic,2186-5,Male,M,30-34 years,30-34,2018,2018,52,8722090,0.6
Pancreas,21100,Non-Hispanic,2186-5,Male,M,30-34 years,30-34,2019,2019,65,8877805,0.7
Pancreas,21100,Non-Hispanic,2186-5,Male,M,35-39 years,35-39,2010,2010,101,8015061,1.3
Pancreas,21100,Non-Hispanic,2186-5,Male,M,35-39 years,35-39,2011,2011,119,7754288,1.5
Pancreas,21100,Non-Hispanic,2186-5,Male,M,35-39 years,35-39,2012,2012,104,7672497,1.4
Pancreas,21100,Non-Hispanic,2186-5,Male,M,35-39 years,35-39,2013,2013,113,7702879,1.5
Pancreas,21100,Non-Hispanic,2186-5,Male,M,35-39 years,35-39,2014,2014,122,7809280,1.6
Pancreas,21100,Non-Hispanic,2186-5,Male,M,35-39 years,35-39,2015,2015,138,7976079,1.7
Pancreas,21100,Non-Hispanic,2186-5,Male,M,35-39 years,35-39,2016,2016,144,8169011,1.8
Pancreas,21100,Non-Hispanic,2186-5,Male,M,35-39 years,35-39,2017,2017,135,8330217,1.6
Pancreas,21100,Non-Hispanic,2186-5,Male,M,35-39 years,35-39,2018,2018,140,8398897,1.7
Pancreas,21100,Non-Hispanic,2186-5,Male,M,35-39 years,35-39,2019,2019,149,8478955,1.8
Pancreas,21100,Non-Hispanic,2186-5,Male,M,40-44 years,40-44,2010,2010,284,8626077,3.3
Pancreas,21100,Non-Hispanic,2186-5,Male,M,40-44 years,40-44,2011,2011,290,8639475,3.4
Pancreas,21100,Non-Hispanic,2186-5,Male,M,40-44 years,40-44,2012,2012,320,8585043,3.7
Pancreas,21100,Non-Hispanic,2186-5,Male,M,40-44 years,40-44,2013,2013,280,8449871,3.3
Pancreas,21100,Non-Hispanic,2186-5,Male,M,40-44 years,40-44,2014,2014,291,8254479,3.5
Pancreas,21100,Non-Hispanic,2186-5,Male,M,40-44 years,40-44,2015,2015,291,8024525,3.6
Pancreas,21100,Non-Hispanic,2186-5,Male,M,40-44 years,40-44,2016,2016,299,7770291,3.8
Pancreas,21100,Non-Hispanic,2186-5,Male,M,40-44 years,40-44,2017,2017,268,7682237,3.5
Pancreas,21100,Non-Hispanic,2186-5,Male,M,40-44 years,40-44,2018,2018,277,7637640,3.6
Pancreas,21100,Non-Hispanic,2186-5,Male,M,40-44 years,40-44,2019,2019,257,7727125,3.3
Pancreas,21100,Non-Hispanic,2186-5,Male,M,45-49 years,45-49,2010,2010,664,9639093,6.9
Pancreas,21100,Non-Hispanic,2186-5,Male,M,45-49 years,45-49,2011,2011,642,9366165,6.9
Pancreas,21100,Non-Hispanic,2186-5,Male,M,45-49 years,45-49,2012,2012,688,9097606,7.6
Pancreas,21100,Non-Hispanic,2186-5,Male,M,45-49 years,45-49,2013,2013,669,8827892,7.6
Pancreas,21100,Non-Hispanic,2186-5,Male,M,45-49 years,45-49,2014,2014,656,8612292,7.6
Pancreas,21100,Non-Hispanic,2186-5,Male,M,45-49 years,45-49,2015,2015,668,8542220,7.8
Pancreas,21100,Non-Hispanic,2186-5,Male,M,45-49 years,45-49,2016,2016,621,8561247,7.3
Pancreas,21100,Non-Hispanic,2186-5,Male,M,45-49 years,45-49,2017,2017,672,8506275,7.9
Pancreas,21100,Non-Hispanic,2186-5,Male,M,45-49 years,45-49,2018,2018,583,8295436,7
Pancreas,21100,Non-Hispanic,2186-5,Male,M,45-49 years,45-49,2019,2019,660,8096390,8.2
Pancreas,21100,Non-Hispanic,2186-5,Male,M,50-54 years,50-54,2010,2010,1384,9734373,14.2
Pancreas,21100,Non-Hispanic,2186-5,Male,M,50-54 years,50-54,2011,2011,1410,9787269,14.4
Pancreas,21100,Non-Hispanic,2186-5,Male,M,50-54 years,50-54,2012,2012,1359,9739728,14
Pancreas,21100,Non-Hispanic,2186-5,Male,M,50-54 years,50-54,2013,2013,1438,9670264,14.9
Pancreas,21100,Non-Hispanic,2186-5,Male,M,50-54 years,50-54,2014,2014,1421,9596419,14.8
Pancreas,21100,Non-Hispanic,2186-5,Male,M,50-54 years,50-54,2015,2015,1400,9423757,14.9
Pancreas,21100,Non-Hispanic,2186-5,Male,M,50-54 years,50-54,2016,2016,1353,9160893,14.8
Pancreas,21100,Non-Hispanic,2186-5,Male,M,50-54 years,50-54,2017,2017,1319,8898245,14.8
Pancreas,21100,Non-Hispanic,2186-5,Male,M,50-54 years,50-54,2018,2018,1214,8560455,14.2
Pancreas,21100,Non-Hispanic,2186-5,Male,M,50-54 years,50-54,2019,2019,1269,8346852,15.2
Pancreas,21100,Non-Hispanic,2186-5,Male,M,55-59 years,55-59,2010,2010,2123,8685261,24.4
Pancreas,21100,Non-Hispanic,2186-5,Male,M,55-59 years,55-59,2011,2011,2226,8859713,25.1
Pancreas,21100,Non-Hispanic,2186-5,Male,M,55-59 years,55-59,2012,2012,2392,9052007,26.4
Pancreas,21100,Non-Hispanic,2186-5,Male,M,55-59 years,55-59,2013,2013,2347,9204447,25.5
Pancreas,21100,Non-Hispanic,2186-5,Male,M,55-59 years,55-59,2014,2014,2476,9297242,26.6
Pancreas,21100,Non-Hispanic,2186-5,Male,M,55-59 years,55-59,2015,2015,2413,9378990,25.7
Pancreas,21100,Non-Hispanic,2186-5,Male,M,55-59 years,55-59,2016,2016,2353,9429998,25
Pancreas,21100,Non-Hispanic,2186-5,Male,M,55-59 years,55-59,2017,2017,2478,9382054,26.4
Pancreas,21100,Non-Hispanic,2186-5,Male,M,55-59 years,55-59,2018,2018,2510,9234482,27.2
Pancreas,21100,Non-Hispanic,2186-5,Male,M,55-59 years,55-59,2019,2019,2374,9158649,25.9
Pancreas,21100,Non-Hispanic,2186-5,Male,M,60-64 years ,60-64,2010,2010,2772,7502531,36.9
Pancreas,21100,Non-Hispanic,2186-5,Male,M,60-64 years ,60-64,2011,2011,2969,7844371,37.8
Pancreas,21100,Non-Hispanic,2186-5,Male,M,60-64 years ,60-64,2012,2012,3013,7801618,38.6
Pancreas,21100,Non-Hispanic,2186-5,Male,M,60-64 years ,60-64,2013,2013,3050,7897023,38.6
Pancreas,21100,Non-Hispanic,2186-5,Male,M,60-64 years ,60-64,2014,2014,3250,8046567,40.4
Pancreas,21100,Non-Hispanic,2186-5,Male,M,60-64 years ,60-64,2015,2015,3302,8227161,40.1
Pancreas,21100,Non-Hispanic,2186-5,Male,M,60-64 years ,60-64,2016,2016,3476,8389026,41.4
Pancreas,21100,Non-Hispanic,2186-5,Male,M,60-64 years ,60-64,2017,2017,3447,8565539,40.2
Pancreas,21100,Non-Hispanic,2186-5,Male,M,60-64 years ,60-64,2018,2018,3592,8628865,41.6
Pancreas,21100,Non-Hispanic,2186-5,Male,M,60-64 years ,60-64,2019,2019,3552,8709746,40.8
Pancreas,21100,Non-Hispanic,2186-5,Male,M,65-69 years,65-69,2010,2010,2930,5460057,53.7
Pancreas,21100,Non-Hispanic,2186-5,Male,M,65-69 years,65-69,2011,2011,3085,5610722,55
Pancreas,21100,Non-Hispanic,2186-5,Male,M,65-69 years,65-69,2012,2012,3412,6105550,55.9
Pancreas,21100,Non-Hispanic,2186-5,Male,M,65-69 years,65-69,2013,2013,3475,6362566,54.6
Pancreas,21100,Non-Hispanic,2186-5,Male,M,65-69 years,65-69,2014,2014,3790,6657984,56.9
Pancreas,21100,Non-Hispanic,2186-5,Male,M,65-69 years,65-69,2015,2015,4091,6960863,58.8
Pancreas,21100,Non-Hispanic,2186-5,Male,M,65-69 years,65-69,2016,2016,4201,7271389,57.8
Pancreas,21100,Non-Hispanic,2186-5,Male,M,65-69 years,65-69,2017,2017,4346,7224317,60.2
Pancreas,21100,Non-Hispanic,2186-5,Male,M,65-69 years,65-69,2018,2018,4379,7237439,60.5
Pancreas,21100,Non-Hispanic,2186-5,Male,M,65-69 years,65-69,2019,2019,4414,7366644,59.9
Pancreas,21100,Non-Hispanic,2186-5,Male,M,70-74 years,70-74,2010,2010,2742,3963921,69.2
Pancreas,21100,Non-Hispanic,2186-5,Male,M,70-74 years,70-74,2011,2011,2785,4081417,68.2
Pancreas,21100,Non-Hispanic,2186-5,Male,M,70-74 years,70-74,2012,2012,3085,4261133,72.4
Pancreas,21100,Non-Hispanic,2186-5,Male,M,70-74 years,70-74,2013,2013,3195,4523201,70.6
Pancreas,21100,Non-Hispanic,2186-5,Male,M,70-74 years,70-74,2014,2014,3478,4716507,73.7
Pancreas,21100,Non-Hispanic,2186-5,Male,M,70-74 years,70-74,2015,2015,3629,4883523,74.3
Pancreas,21100,Non-Hispanic,2186-5,Male,M,70-74 years,70-74,2016,2016,3896,5020346,77.6
Pancreas,21100,Non-Hispanic,2186-5,Male,M,70-74 years,70-74,2017,2017,4230,5471071,77.3
Pancreas,21100,Non-Hispanic,2186-5,Male,M,70-74 years,70-74,2018,2018,4475,5647356,79.2
Pancreas,21100,Non-Hispanic,2186-5,Male,M,70-74 years,70-74,2019,2019,4523,5909830,76.5
Pancreas,21100,Non-Hispanic,2186-5,Male,M,75-79 years,75-79,2010,2010,2489,2971500,83.8
Pancreas,21100,Non-Hispanic,2186-5,Male,M,75-79 years,75-79,2011,2011,2694,3008492,89.5
Pancreas,21100,Non-Hispanic,2186-5,Male,M,75-79 years,75-79,2012,2012,2669,3059365,87.2
Pancreas,21100,Non-Hispanic,2186-5,Male,M,75-79 years,75-79,2013,2013,2762,3143549,87.9
Pancreas,21100,Non-Hispanic,2186-5,Male,M,75-79 years,75-79,2014,2014,2872,3248320,88.4
Pancreas,21100,Non-Hispanic,2186-5,Male,M,75-79 years,75-79,2015,2015,3094,3332305,92.8
Pancreas,21100,Non-Hispanic,2186-5,Male,M,75-79 years,75-79,2016,2016,3161,3438408,91.9
Pancreas,21100,Non-Hispanic,2186-5,Male,M,75-79 years,75-79,2017,2017,3451,3592952,96
Pancreas,21100,Non-Hispanic,2186-5,Male,M,75-79 years,75-79,2018,2018,3596,3783514,95
Pancreas,21100,Non-Hispanic,2186-5,Male,M,75-79 years,75-79,2019,2019,3713,3947603,94.1
Pancreas,21100,Non-Hispanic,2186-5,Male,M,80-84 years,80-84,2010,2010,2125,2164994,98.2
Pancreas,21100,Non-Hispanic,2186-5,Male,M,80-84 years,80-84,2011,2011,2164,2185205,99
Pancreas,21100,Non-Hispanic,2186-5,Male,M,80-84 years,80-84,2012,2012,2203,2197609,100.2
Pancreas,21100,Non-Hispanic,2186-5,Male,M,80-84 years,80-84,2013,2013,2258,2202806,102.5
Pancreas,21100,Non-Hispanic,2186-5,Male,M,80-84 years,80-84,2014,2014,2296,2209211,103.9
Pancreas,21100,Non-Hispanic,2186-5,Male,M,80-84 years,80-84,2015,2015,2340,2232482,104.8
Pancreas,21100,Non-Hispanic,2186-5,Male,M,80-84 years,80-84,2016,2016,2340,2269768,103.1
Pancreas,21100,Non-Hispanic,2186-5,Male,M,80-84 years,80-84,2017,2017,2511,2312102,108.6
Pancreas,21100,Non-Hispanic,2186-5,Male,M,80-84 years,80-84,2018,2018,2534,2359829,107.4
Pancreas,21100,Non-Hispanic,2186-5,Male,M,80-84 years,80-84,2019,2019,2553,2442083,104.5
Pancreas,21100,Non-Hispanic,2186-5,Male,M,85+ years,85+,2010,2010,1804,1713556,105.3
Pancreas,21100,Non-Hispanic,2186-5,Male,M,85+ years,85+,2011,2011,1845,1778015,103.8
Pancreas,21100,Non-Hispanic,2186-5,Male,M,85+ years,85+,2012,2012,1949,1849062,105.4
Pancreas,21100,Non-Hispanic,2186-5,Male,M,85+ years,85+,2013,2013,2074,1906132,108.8
Pancreas,21100,Non-Hispanic,2186-5,Male,M,85+ years,85+,2014,2014,2097,1966269,106.6
Pancreas,21100,Non-Hispanic,2186-5,Male,M,85+ years,85+,2015,2015,2125,2025088,104.9
Pancreas,21100,Non-Hispanic,2186-5,Male,M,85+ years,85+,2016,2016,2207,2079172,106.1
Pancreas,21100,Non-Hispanic,2186-5,Male,M,85+ years,85+,2017,2017,2170,2121935,102.3
Pancreas,21100,Non-Hispanic,2186-5,Male,M,85+ years,85+,2018,2018,2139,2142029,99.9
Pancreas,21100,Non-Hispanic,2186-5,Male,M,85+ years,85+,2019,2019,2136,2173497,98.3
Pancreas,21100,Unknown or Missing,UNK,Female,F,< 1 year,1,2010,2010,0,Not Applicable,Not Applicable
Pancreas,21100,Unknown or Missing,UNK,Female,F,< 1 year,1,2011,2011,0,Not Applicable,Not Applicable
Pancreas,21100,Unknown or Missing,UNK,Female,F,< 1 year,1,2012,2012,0,Not Applicable,Not Applicable
Pancreas,21100,Unknown or Missing,UNK,Female,F,< 1 year,1,2013,2013,0,Not Applicable,Not Applicable
Pancreas,21100,Unknown or Missing,UNK,Female,F,< 1 year,1,2014,2014,0,Not Applicable,Not Applicable
Pancreas,21100,Unknown or Missing,UNK,Female,F,< 1 year,1,2015,2015,0,Not Applicable,Not Applicable
Pancreas,21100,Unknown or Missing,UNK,Female,F,< 1 year,1,2016,2016,0,Not Applicable,Not Applicable
Pancreas,21100,Unknown or Missing,UNK,Female,F,< 1 year,1,2017,2017,0,Not Applicable,Not Applicable
Pancreas,21100,Unknown or Missing,UNK,Female,F,< 1 year,1,2018,2018,0,Not Applicable,Not Applicable
Pancreas,21100,Unknown or Missing,UNK,Female,F,< 1 year,1,2019,2019,0,Not Applicable,Not Applicable
Pancreas,21100,Unknown or Missing,UNK,Female,F,1-4 years,4-Jan,2010,2010,0,Not Applicable,Not Applicable
Pancreas,21100,Unknown or Missing,UNK,Female,F,1-4 years,4-Jan,2011,2011,0,Not Applicable,Not Applicable
Pancreas,21100,Unknown or Missing,UNK,Female,F,1-4 years,4-Jan,2012,2012,0,Not Applicable,Not Applicable
Pancreas,21100,Unknown or Missing,UNK,Female,F,1-4 years,4-Jan,2013,2013,0,Not Applicable,Not Applicable
Pancreas,21100,Unknown or Missing,UNK,Female,F,1-4 years,4-Jan,2014,2014,0,Not Applicable,Not Applicable
Pancreas,21100,Unknown or Missing,UNK,Female,F,1-4 years,4-Jan,2015,2015,0,Not Applicable,Not Applicable
Pancreas,21100,Unknown or Missing,UNK,Female,F,1-4 years,4-Jan,2016,2016,0,Not Applicable,Not Applicable
Pancreas,21100,Unknown or Missing,UNK,Female,F,1-4 years,4-Jan,2017,2017,0,Not Applicable,Not Applicable
Pancreas,21100,Unknown or Missing,UNK,Female,F,1-4 years,4-Jan,2018,2018,0,Not Applicable,Not Applicable
Pancreas,21100,Unknown or Missing,UNK,Female,F,1-4 years,4-Jan,2019,2019,0,Not Applicable,Not Applicable
Pancreas,21100,Unknown or Missing,UNK,Female,F,5-9 years,9-May,2010,2010,0,Not Applicable,Not Applicable
Pancreas,21100,Unknown or Missing,UNK,Female,F,5-9 years,9-May,2011,2011,0,Not Applicable,Not Applicable
Pancreas,21100,Unknown or Missing,UNK,Female,F,5-9 years,9-May,2012,2012,0,Not Applicable,Not Applicable
Pancreas,21100,Unknown or Missing,UNK,Female,F,5-9 years,9-May,2013,2013,0,Not Applicable,Not Applicable
Pancreas,21100,Unknown or Missing,UNK,Female,F,5-9 years,9-May,2014,2014,0,Not Applicable,Not Applicable
Pancreas,21100,Unknown or Missing,UNK,Female,F,5-9 years,9-May,2015,2015,0,Not Applicable,Not Applicable
Pancreas,21100,Unknown or Missing,UNK,Female,F,5-9 years,9-May,2016,2016,0,Not Applicable,Not Applicable
Pancreas,21100,Unknown or Missing,UNK,Female,F,5-9 years,9-May,2017,2017,0,Not Applicable,Not Applicable
Pancreas,21100,Unknown or Missing,UNK,Female,F,5-9 years,9-May,2018,2018,0,Not Applicable,Not Applicable
Pancreas,21100,Unknown or Missing,UNK,Female,F,5-9 years,9-May,2019,2019,0,Not Applicable,Not Applicable
Pancreas,21100,Unknown or Missing,UNK,Female,F,10-14 years,14-Oct,2010,2010,0,Not Applicable,Not Applicable
Pancreas,21100,Unknown or Missing,UNK,Female,F,10-14 years,14-Oct,2011,2011,0,Not Applicable,Not Applicable
Pancreas,21100,Unknown or Missing,UNK,Female,F,10-14 years,14-Oct,2012,2012,0,Not Applicable,Not Applicable
Pancreas,21100,Unknown or Missing,UNK,Female,F,10-14 years,14-Oct,2013,2013,0,Not Applicable,Not Applicable
Pancreas,21100,Unknown or Missing,UNK,Female,F,10-14 years,14-Oct,2014,2014,0,Not Applicable,Not Applicable
Pancreas,21100,Unknown or Missing,UNK,Female,F,10-14 years,14-Oct,2015,2015,0,Not Applicable,Not Applicable
Pancreas,21100,Unknown or Missing,UNK,Female,F,10-14 years,14-Oct,2016,2016,0,Not Applicable,Not Applicable
Pancreas,21100,Unknown or Missing,UNK,Female,F,10-14 years,14-Oct,2017,2017,0,Not Applicable,Not Applicable
Pancreas,21100,Unknown or Missing,UNK,Female,F,10-14 years,14-Oct,2018,2018,0,Not Applicable,Not Applicable
Pancreas,21100,Unknown or Missing,UNK,Female,F,10-14 years,14-Oct,2019,2019,0,Not Applicable,Not Applicable
Pancreas,21100,Unknown or Missing,UNK,Female,F,15-19 years,15-19,2010,2010,0,Not Applicable,Not Applicable
Pancreas,21100,Unknown or Missing,UNK,Female,F,15-19 years,15-19,2011,2011,0,Not Applicable,Not Applicable
Pancreas,21100,Unknown or Missing,UNK,Female,F,15-19 years,15-19,2012,2012,0,Not Applicable,Not Applicable
Pancreas,21100,Unknown or Missing,UNK,Female,F,15-19 years,15-19,2013,2013,0,Not Applicable,Not Applicable
Pancreas,21100,Unknown or Missing,UNK,Female,F,15-19 years,15-19,2014,2014,0,Not Applicable,Not Applicable
Pancreas,21100,Unknown or Missing,UNK,Female,F,15-19 years,15-19,2015,2015,0,Not Applicable,Not Applicable
Pancreas,21100,Unknown or Missing,UNK,Female,F,15-19 years,15-19,2016,2016,0,Not Applicable,Not Applicable
Pancreas,21100,Unknown or Missing,UNK,Female,F,15-19 years,15-19,2017,2017,0,Not Applicable,Not Applicable
Pancreas,21100,Unknown or Missing,UNK,Female,F,15-19 years,15-19,2018,2018,0,Not Applicable,Not Applicable
Pancreas,21100,Unknown or Missing,UNK,Female,F,15-19 years,15-19,2019,2019,0,Not Applicable,Not Applicable
Pancreas,21100,Unknown or Missing,UNK,Female,F,20-24 years,20-24,2010,2010,0,Not Applicable,Not Applicable
Pancreas,21100,Unknown or Missing,UNK,Female,F,20-24 years,20-24,2011,2011,0,Not Applicable,Not Applicable
Pancreas,21100,Unknown or Missing,UNK,Female,F,20-24 years,20-24,2012,2012,0,Not Applicable,Not Applicable
Pancreas,21100,Unknown or Missing,UNK,Female,F,20-24 years,20-24,2013,2013,0,Not Applicable,Not Applicable
Pancreas,21100,Unknown or Missing,UNK,Female,F,20-24 years,20-24,2014,2014,0,Not Applicable,Not Applicable
Pancreas,21100,Unknown or Missing,UNK,Female,F,20-24 years,20-24,2015,2015,0,Not Applicable,Not Applicable
Pancreas,21100,Unknown or Missing,UNK,Female,F,20-24 years,20-24,2016,2016,0,Not Applicable,Not Applicable
Pancreas,21100,Unknown or Missing,UNK,Female,F,20-24 years,20-24,2017,2017,0,Not Applicable,Not Applicable
Pancreas,21100,Unknown or Missing,UNK,Female,F,20-24 years,20-24,2018,2018,0,Not Applicable,Not Applicable
Pancreas,21100,Unknown or Missing,UNK,Female,F,20-24 years,20-24,2019,2019,0,Not Applicable,Not Applicable
Pancreas,21100,Unknown or Missing,UNK,Female,F,25-29 years,25-29,2010,2010,0,Not Applicable,Not Applicable
Pancreas,21100,Unknown or Missing,UNK,Female,F,25-29 years,25-29,2011,2011,0,Not Applicable,Not Applicable
Pancreas,21100,Unknown or Missing,UNK,Female,F,25-29 years,25-29,2012,2012,0,Not Applicable,Not Applicable
Pancreas,21100,Unknown or Missing,UNK,Female,F,25-29 years,25-29,2013,2013,0,Not Applicable,Not Applicable
Pancreas,21100,Unknown or Missing,UNK,Female,F,25-29 years,25-29,2014,2014,0,Not Applicable,Not Applicable
Pancreas,21100,Unknown or Missing,UNK,Female,F,25-29 years,25-29,2015,2015,0,Not Applicable,Not Applicable
Pancreas,21100,Unknown or Missing,UNK,Female,F,25-29 years,25-29,2016,2016,0,Not Applicable,Not Applicable
Pancreas,21100,Unknown or Missing,UNK,Female,F,25-29 years,25-29,2017,2017,0,Not Applicable,Not Applicable
Pancreas,21100,Unknown or Missing,UNK,Female,F,25-29 years,25-29,2018,2018,0,Not Applicable,Not Applicable
Pancreas,21100,Unknown or Missing,UNK,Female,F,25-29 years,25-29,2019,2019,0,Not Applicable,Not Applicable
Pancreas,21100,Unknown or Missing,UNK,Female,F,30-34 years,30-34,2010,2010,0,Not Applicable,Not Applicable
Pancreas,21100,Unknown or Missing,UNK,Female,F,30-34 years,30-34,2011,2011,0,Not Applicable,Not Applicable
Pancreas,21100,Unknown or Missing,UNK,Female,F,30-34 years,30-34,2012,2012,0,Not Applicable,Not Applicable
Pancreas,21100,Unknown or Missing,UNK,Female,F,30-34 years,30-34,2013,2013,0,Not Applicable,Not Applicable
Pancreas,21100,Unknown or Missing,UNK,Female,F,30-34 years,30-34,2014,2014,0,Not Applicable,Not Applicable
Pancreas,21100,Unknown or Missing,UNK,Female,F,30-34 years,30-34,2015,2015,0,Not Applicable,Not Applicable
Pancreas,21100,Unknown or Missing,UNK,Female,F,30-34 years,30-34,2016,2016,0,Not Applicable,Not Applicable
Pancreas,21100,Unknown or Missing,UNK,Female,F,30-34 years,30-34,2017,2017,0,Not Applicable,Not Applicable
Pancreas,21100,Unknown or Missing,UNK,Female,F,30-34 years,30-34,2018,2018,0,Not Applicable,Not Applicable
Pancreas,21100,Unknown or Missing,UNK,Female,F,30-34 years,30-34,2019,2019,0,Not Applicable,Not Applicable
Pancreas,21100,Unknown or Missing,UNK,Female,F,35-39 years,35-39,2010,2010,0,Not Applicable,Not Applicable
Pancreas,21100,Unknown or Missing,UNK,Female,F,35-39 years,35-39,2011,2011,0,Not Applicable,Not Applicable
Pancreas,21100,Unknown or Missing,UNK,Female,F,35-39 years,35-39,2012,2012,0,Not Applicable,Not Applicable
Pancreas,21100,Unknown or Missing,UNK,Female,F,35-39 years,35-39,2013,2013,0,Not Applicable,Not Applicable
Pancreas,21100,Unknown or Missing,UNK,Female,F,35-39 years,35-39,2014,2014,0,Not Applicable,Not Applicable
Pancreas,21100,Unknown or Missing,UNK,Female,F,35-39 years,35-39,2015,2015,0,Not Applicable,Not Applicable
Pancreas,21100,Unknown or Missing,UNK,Female,F,35-39 years,35-39,2016,2016,0,Not Applicable,Not Applicable
Pancreas,21100,Unknown or Missing,UNK,Female,F,35-39 years,35-39,2017,2017,0,Not Applicable,Not Applicable
Pancreas,21100,Unknown or Missing,UNK,Female,F,35-39 years,35-39,2018,2018,0,Not Applicable,Not Applicable
Pancreas,21100,Unknown or Missing,UNK,Female,F,35-39 years,35-39,2019,2019,0,Not Applicable,Not Applicable
Pancreas,21100,Unknown or Missing,UNK,Female,F,40-44 years,40-44,2010,2010,0,Not Applicable,Not Applicable
Pancreas,21100,Unknown or Missing,UNK,Female,F,40-44 years,40-44,2011,2011,0,Not Applicable,Not Applicable
Pancreas,21100,Unknown or Missing,UNK,Female,F,40-44 years,40-44,2012,2012,0,Not Applicable,Not Applicable
Pancreas,21100,Unknown or Missing,UNK,Female,F,40-44 years,40-44,2013,2013,0,Not Applicable,Not Applicable
Pancreas,21100,Unknown or Missing,UNK,Female,F,40-44 years,40-44,2014,2014,0,Not Applicable,Not Applicable
Pancreas,21100,Unknown or Missing,UNK,Female,F,40-44 years,40-44,2015,2015,0,Not Applicable,Not Applicable
Pancreas,21100,Unknown or Missing,UNK,Female,F,40-44 years,40-44,2016,2016,0,Not Applicable,Not Applicable
Pancreas,21100,Unknown or Missing,UNK,Female,F,40-44 years,40-44,2017,2017,0,Not Applicable,Not Applicable
Pancreas,21100,Unknown or Missing,UNK,Female,F,40-44 years,40-44,2018,2018,0,Not Applicable,Not Applicable
Pancreas,21100,Unknown or Missing,UNK,Female,F,40-44 years,40-44,2019,2019,0,Not Applicable,Not Applicable
Pancreas,21100,Unknown or Missing,UNK,Female,F,45-49 years,45-49,2010,2010,0,Not Applicable,Not Applicable
Pancreas,21100,Unknown or Missing,UNK,Female,F,45-49 years,45-49,2011,2011,0,Not Applicable,Not Applicable
Pancreas,21100,Unknown or Missing,UNK,Female,F,45-49 years,45-49,2012,2012,0,Not Applicable,Not Applicable
Pancreas,21100,Unknown or Missing,UNK,Female,F,45-49 years,45-49,2013,2013,0,Not Applicable,Not Applicable
Pancreas,21100,Unknown or Missing,UNK,Female,F,45-49 years,45-49,2014,2014,0,Not Applicable,Not Applicable
Pancreas,21100,Unknown or Missing,UNK,Female,F,45-49 years,45-49,2015,2015,0,Not Applicable,Not Applicable
Pancreas,21100,Unknown or Missing,UNK,Female,F,45-49 years,45-49,2016,2016,0,Not Applicable,Not Applicable
Pancreas,21100,Unknown or Missing,UNK,Female,F,45-49 years,45-49,2017,2017,0,Not Applicable,Not Applicable
Pancreas,21100,Unknown or Missing,UNK,Female,F,45-49 years,45-49,2018,2018,0,Not Applicable,Not Applicable
Pancreas,21100,Unknown or Missing,UNK,Female,F,45-49 years,45-49,2019,2019,0,Not Applicable,Not Applicable
Pancreas,21100,Unknown or Missing,UNK,Female,F,50-54 years,50-54,2010,2010,0,Not Applicable,Not Applicable
Pancreas,21100,Unknown or Missing,UNK,Female,F,50-54 years,50-54,2011,2011,0,Not Applicable,Not Applicable
Pancreas,21100,Unknown or Missing,UNK,Female,F,50-54 years,50-54,2012,2012,0,Not Applicable,Not Applicable
Pancreas,21100,Unknown or Missing,UNK,Female,F,50-54 years,50-54,2013,2013,0,Not Applicable,Not Applicable
Pancreas,21100,Unknown or Missing,UNK,Female,F,50-54 years,50-54,2014,2014,0,Not Applicable,Not Applicable
Pancreas,21100,Unknown or Missing,UNK,Female,F,50-54 years,50-54,2015,2015,0,Not Applicable,Not Applicable
Pancreas,21100,Unknown or Missing,UNK,Female,F,50-54 years,50-54,2016,2016,0,Not Applicable,Not Applicable
Pancreas,21100,Unknown or Missing,UNK,Female,F,50-54 years,50-54,2017,2017,0,Not Applicable,Not Applicable
Pancreas,21100,Unknown or Missing,UNK,Female,F,50-54 years,50-54,2018,2018,0,Not Applicable,Not Applicable
Pancreas,21100,Unknown or Missing,UNK,Female,F,50-54 years,50-54,2019,2019,0,Not Applicable,Not Applicable
Pancreas,21100,Unknown or Missing,UNK,Female,F,55-59 years,55-59,2010,2010,0,Not Applicable,Not Applicable
Pancreas,21100,Unknown or Missing,UNK,Female,F,55-59 years,55-59,2011,2011,0,Not Applicable,Not Applicable
Pancreas,21100,Unknown or Missing,UNK,Female,F,55-59 years,55-59,2012,2012,0,Not Applicable,Not Applicable
Pancreas,21100,Unknown or Missing,UNK,Female,F,55-59 years,55-59,2013,2013,0,Not Applicable,Not Applicable
Pancreas,21100,Unknown or Missing,UNK,Female,F,55-59 years,55-59,2014,2014,0,Not Applicable,Not Applicable
Pancreas,21100,Unknown or Missing,UNK,Female,F,55-59 years,55-59,2015,2015,0,Not Applicable,Not Applicable
Pancreas,21100,Unknown or Missing,UNK,Female,F,55-59 years,55-59,2016,2016,0,Not Applicable,Not Applicable
Pancreas,21100,Unknown or Missing,UNK,Female,F,55-59 years,55-59,2017,2017,0,Not Applicable,Not Applicable
Pancreas,21100,Unknown or Missing,UNK,Female,F,55-59 years,55-59,2018,2018,0,Not Applicable,Not Applicable
Pancreas,21100,Unknown or Missing,UNK,Female,F,55-59 years,55-59,2019,2019,0,Not Applicable,Not Applicable
Pancreas,21100,Unknown or Missing,UNK,Female,F,60-64 years ,60-64,2010,2010,0,Not Applicable,Not Applicable
Pancreas,21100,Unknown or Missing,UNK,Female,F,60-64 years ,60-64,2011,2011,0,Not Applicable,Not Applicable
Pancreas,21100,Unknown or Missing,UNK,Female,F,60-64 years ,60-64,2012,2012,0,Not Applicable,Not Applicable
Pancreas,21100,Unknown or Missing,UNK,Female,F,60-64 years ,60-64,2013,2013,0,Not Applicable,Not Applicable
Pancreas,21100,Unknown or Missing,UNK,Female,F,60-64 years ,60-64,2014,2014,0,Not Applicable,Not Applicable
Pancreas,21100,Unknown or Missing,UNK,Female,F,60-64 years ,60-64,2015,2015,0,Not Applicable,Not Applicable
Pancreas,21100,Unknown or Missing,UNK,Female,F,60-64 years ,60-64,2016,2016,0,Not Applicable,Not Applicable
Pancreas,21100,Unknown or Missing,UNK,Female,F,60-64 years ,60-64,2017,2017,0,Not Applicable,Not Applicable
Pancreas,21100,Unknown or Missing,UNK,Female,F,60-64 years ,60-64,2018,2018,0,Not Applicable,Not Applicable
Pancreas,21100,Unknown or Missing,UNK,Female,F,60-64 years ,60-64,2019,2019,0,Not Applicable,Not Applicable
Pancreas,21100,Unknown or Missing,UNK,Female,F,65-69 years,65-69,2010,2010,0,Not Applicable,Not Applicable
Pancreas,21100,Unknown or Missing,UNK,Female,F,65-69 years,65-69,2011,2011,0,Not Applicable,Not Applicable
Pancreas,21100,Unknown or Missing,UNK,Female,F,65-69 years,65-69,2012,2012,0,Not Applicable,Not Applicable
Pancreas,21100,Unknown or Missing,UNK,Female,F,65-69 years,65-69,2013,2013,0,Not Applicable,Not Applicable
Pancreas,21100,Unknown or Missing,UNK,Female,F,65-69 years,65-69,2014,2014,0,Not Applicable,Not Applicable
Pancreas,21100,Unknown or Missing,UNK,Female,F,65-69 years,65-69,2015,2015,0,Not Applicable,Not Applicable
Pancreas,21100,Unknown or Missing,UNK,Female,F,65-69 years,65-69,2016,2016,0,Not Applicable,Not Applicable
Pancreas,21100,Unknown or Missing,UNK,Female,F,65-69 years,65-69,2017,2017,0,Not Applicable,Not Applicable
Pancreas,21100,Unknown or Missing,UNK,Female,F,65-69 years,65-69,2018,2018,0,Not Applicable,Not Applicable
Pancreas,21100,Unknown or Missing,UNK,Female,F,65-69 years,65-69,2019,2019,0,Not Applicable,Not Applicable
Pancreas,21100,Unknown or Missing,UNK,Female,F,70-74 years,70-74,2010,2010,0,Not Applicable,Not Applicable
Pancreas,21100,Unknown or Missing,UNK,Female,F,70-74 years,70-74,2011,2011,0,Not Applicable,Not Applicable
Pancreas,21100,Unknown or Missing,UNK,Female,F,70-74 years,70-74,2012,2012,0,Not Applicable,Not Applicable
Pancreas,21100,Unknown or Missing,UNK,Female,F,70-74 years,70-74,2013,2013,0,Not Applicable,Not Applicable
Pancreas,21100,Unknown or Missing,UNK,Female,F,70-74 years,70-74,2014,2014,0,Not Applicable,Not Applicable
Pancreas,21100,Unknown or Missing,UNK,Female,F,70-74 years,70-74,2015,2015,0,Not Applicable,Not Applicable
Pancreas,21100,Unknown or Missing,UNK,Female,F,70-74 years,70-74,2016,2016,0,Not Applicable,Not Applicable
Pancreas,21100,Unknown or Missing,UNK,Female,F,70-74 years,70-74,2017,2017,0,Not Applicable,Not Applicable
Pancreas,21100,Unknown or Missing,UNK,Female,F,70-74 years,70-74,2018,2018,0,Not Applicable,Not Applicable
Pancreas,21100,Unknown or Missing,UNK,Female,F,70-74 years,70-74,2019,2019,0,Not Applicable,Not Applicable
Pancreas,21100,Unknown or Missing,UNK,Female,F,75-79 years,75-79,2010,2010,0,Not Applicable,Not Applicable
Pancreas,21100,Unknown or Missing,UNK,Female,F,75-79 years,75-79,2011,2011,0,Not Applicable,Not Applicable
Pancreas,21100,Unknown or Missing,UNK,Female,F,75-79 years,75-79,2012,2012,0,Not Applicable,Not Applicable
Pancreas,21100,Unknown or Missing,UNK,Female,F,75-79 years,75-79,2013,2013,0,Not Applicable,Not Applicable
Pancreas,21100,Unknown or Missing,UNK,Female,F,75-79 years,75-79,2014,2014,0,Not Applicable,Not Applicable
Pancreas,21100,Unknown or Missing,UNK,Female,F,75-79 years,75-79,2015,2015,0,Not Applicable,Not Applicable
Pancreas,21100,Unknown or Missing,UNK,Female,F,75-79 years,75-79,2016,2016,0,Not Applicable,Not Applicable
Pancreas,21100,Unknown or Missing,UNK,Female,F,75-79 years,75-79,2017,2017,0,Not Applicable,Not Applicable
Pancreas,21100,Unknown or Missing,UNK,Female,F,75-79 years,75-79,2018,2018,0,Not Applicable,Not Applicable
Pancreas,21100,Unknown or Missing,UNK,Female,F,75-79 years,75-79,2019,2019,0,Not Applicable,Not Applicable
Pancreas,21100,Unknown or Missing,UNK,Female,F,80-84 years,80-84,2010,2010,0,Not Applicable,Not Applicable
Pancreas,21100,Unknown or Missing,UNK,Female,F,80-84 years,80-84,2011,2011,0,Not Applicable,Not Applicable
Pancreas,21100,Unknown or Missing,UNK,Female,F,80-84 years,80-84,2012,2012,0,Not Applicable,Not Applicable
Pancreas,21100,Unknown or Missing,UNK,Female,F,80-84 years,80-84,2013,2013,0,Not Applicable,Not Applicable
Pancreas,21100,Unknown or Missing,UNK,Female,F,80-84 years,80-84,2014,2014,0,Not Applicable,Not Applicable
Pancreas,21100,Unknown or Missing,UNK,Female,F,80-84 years,80-84,2015,2015,0,Not Applicable,Not Applicable
Pancreas,21100,Unknown or Missing,UNK,Female,F,80-84 years,80-84,2016,2016,0,Not Applicable,Not Applicable
Pancreas,21100,Unknown or Missing,UNK,Female,F,80-84 years,80-84,2017,2017,0,Not Applicable,Not Applicable
Pancreas,21100,Unknown or Missing,UNK,Female,F,80-84 years,80-84,2018,2018,0,Not Applicable,Not Applicable
Pancreas,21100,Unknown or Missing,UNK,Female,F,80-84 years,80-84,2019,2019,0,Not Applicable,Not Applicable
Pancreas,21100,Unknown or Missing,UNK,Female,F,85+ years,85+,2010,2010,0,Not Applicable,Not Applicable
Pancreas,21100,Unknown or Missing,UNK,Female,F,85+ years,85+,2011,2011,0,Not Applicable,Not Applicable
Pancreas,21100,Unknown or Missing,UNK,Female,F,85+ years,85+,2012,2012,0,Not Applicable,Not Applicable
Pancreas,21100,Unknown or Missing,UNK,Female,F,85+ years,85+,2013,2013,0,Not Applicable,Not Applicable
Pancreas,21100,Unknown or Missing,UNK,Female,F,85+ years,85+,2014,2014,0,Not Applicable,Not Applicable
Pancreas,21100,Unknown or Missing,UNK,Female,F,85+ years,85+,2015,2015,0,Not Applicable,Not Applicable
Pancreas,21100,Unknown or Missing,UNK,Female,F,85+ years,85+,2016,2016,0,Not Applicable,Not Applicable
Pancreas,21100,Unknown or Missing,UNK,Female,F,85+ years,85+,2017,2017,0,Not Applicable,Not Applicable
Pancreas,21100,Unknown or Missing,UNK,Female,F,85+ years,85+,2018,2018,0,Not Applicable,Not Applicable
Pancreas,21100,Unknown or Missing,UNK,Female,F,85+ years,85+,2019,2019,0,Not Applicable,Not Applicable
Pancreas,21100,Unknown or Missing,UNK,Male,M,< 1 year,1,2010,2010,0,Not Applicable,Not Applicable
Pancreas,21100,Unknown or Missing,UNK,Male,M,< 1 year,1,2011,2011,0,Not Applicable,Not Applicable
Pancreas,21100,Unknown or Missing,UNK,Male,M,< 1 year,1,2012,2012,0,Not Applicable,Not Applicable
Pancreas,21100,Unknown or Missing,UNK,Male,M,< 1 year,1,2013,2013,0,Not Applicable,Not Applicable
Pancreas,21100,Unknown or Missing,UNK,Male,M,< 1 year,1,2014,2014,0,Not Applicable,Not Applicable
Pancreas,21100,Unknown or Missing,UNK,Male,M,< 1 year,1,2015,2015,0,Not Applicable,Not Applicable
Pancreas,21100,Unknown or Missing,UNK,Male,M,< 1 year,1,2016,2016,0,Not Applicable,Not Applicable
Pancreas,21100,Unknown or Missing,UNK,Male,M,< 1 year,1,2017,2017,0,Not Applicable,Not Applicable
Pancreas,21100,Unknown or Missing,UNK,Male,M,< 1 year,1,2018,2018,0,Not Applicable,Not Applicable
Pancreas,21100,Unknown or Missing,UNK,Male,M,< 1 year,1,2019,2019,0,Not Applicable,Not Applicable
Pancreas,21100,Unknown or Missing,UNK,Male,M,1-4 years,4-Jan,2010,2010,0,Not Applicable,Not Applicable
Pancreas,21100,Unknown or Missing,UNK,Male,M,1-4 years,4-Jan,2011,2011,0,Not Applicable,Not Applicable
Pancreas,21100,Unknown or Missing,UNK,Male,M,1-4 years,4-Jan,2012,2012,0,Not Applicable,Not Applicable
Pancreas,21100,Unknown or Missing,UNK,Male,M,1-4 years,4-Jan,2013,2013,0,Not Applicable,Not Applicable
Pancreas,21100,Unknown or Missing,UNK,Male,M,1-4 years,4-Jan,2014,2014,0,Not Applicable,Not Applicable
Pancreas,21100,Unknown or Missing,UNK,Male,M,1-4 years,4-Jan,2015,2015,0,Not Applicable,Not Applicable
Pancreas,21100,Unknown or Missing,UNK,Male,M,1-4 years,4-Jan,2016,2016,0,Not Applicable,Not Applicable
Pancreas,21100,Unknown or Missing,UNK,Male,M,1-4 years,4-Jan,2017,2017,0,Not Applicable,Not Applicable
Pancreas,21100,Unknown or Missing,UNK,Male,M,1-4 years,4-Jan,2018,2018,0,Not Applicable,Not Applicable
Pancreas,21100,Unknown or Missing,UNK,Male,M,1-4 years,4-Jan,2019,2019,0,Not Applicable,Not Applicable
Pancreas,21100,Unknown or Missing,UNK,Male,M,5-9 years,9-May,2010,2010,0,Not Applicable,Not Applicable
Pancreas,21100,Unknown or Missing,UNK,Male,M,5-9 years,9-May,2011,2011,0,Not Applicable,Not Applicable
Pancreas,21100,Unknown or Missing,UNK,Male,M,5-9 years,9-May,2012,2012,0,Not Applicable,Not Applicable
Pancreas,21100,Unknown or Missing,UNK,Male,M,5-9 years,9-May,2013,2013,0,Not Applicable,Not Applicable
Pancreas,21100,Unknown or Missing,UNK,Male,M,5-9 years,9-May,2014,2014,0,Not Applicable,Not Applicable
Pancreas,21100,Unknown or Missing,UNK,Male,M,5-9 years,9-May,2015,2015,0,Not Applicable,Not Applicable
Pancreas,21100,Unknown or Missing,UNK,Male,M,5-9 years,9-May,2016,2016,0,Not Applicable,Not Applicable
Pancreas,21100,Unknown or Missing,UNK,Male,M,5-9 years,9-May,2017,2017,0,Not Applicable,Not Applicable
Pancreas,21100,Unknown or Missing,UNK,Male,M,5-9 years,9-May,2018,2018,0,Not Applicable,Not Applicable
Pancreas,21100,Unknown or Missing,UNK,Male,M,5-9 years,9-May,2019,2019,0,Not Applicable,Not Applicable
Pancreas,21100,Unknown or Missing,UNK,Male,M,10-14 years,14-Oct,2010,2010,0,Not Applicable,Not Applicable
Pancreas,21100,Unknown or Missing,UNK,Male,M,10-14 years,14-Oct,2011,2011,0,Not Applicable,Not Applicable
Pancreas,21100,Unknown or Missing,UNK,Male,M,10-14 years,14-Oct,2012,2012,0,Not Applicable,Not Applicable
Pancreas,21100,Unknown or Missing,UNK,Male,M,10-14 years,14-Oct,2013,2013,0,Not Applicable,Not Applicable
Pancreas,21100,Unknown or Missing,UNK,Male,M,10-14 years,14-Oct,2014,2014,0,Not Applicable,Not Applicable
Pancreas,21100,Unknown or Missing,UNK,Male,M,10-14 years,14-Oct,2015,2015,0,Not Applicable,Not Applicable
Pancreas,21100,Unknown or Missing,UNK,Male,M,10-14 years,14-Oct,2016,2016,0,Not Applicable,Not Applicable
Pancreas,21100,Unknown or Missing,UNK,Male,M,10-14 years,14-Oct,2017,2017,0,Not Applicable,Not Applicable
Pancreas,21100,Unknown or Missing,UNK,Male,M,10-14 years,14-Oct,2018,2018,0,Not Applicable,Not Applicable
Pancreas,21100,Unknown or Missing,UNK,Male,M,10-14 years,14-Oct,2019,2019,0,Not Applicable,Not Applicable
Pancreas,21100,Unknown or Missing,UNK,Male,M,15-19 years,15-19,2010,2010,0,Not Applicable,Not Applicable
Pancreas,21100,Unknown or Missing,UNK,Male,M,15-19 years,15-19,2011,2011,0,Not Applicable,Not Applicable
Pancreas,21100,Unknown or Missing,UNK,Male,M,15-19 years,15-19,2012,2012,0,Not Applicable,Not Applicable
Pancreas,21100,Unknown or Missing,UNK,Male,M,15-19 years,15-19,2013,2013,0,Not Applicable,Not Applicable
Pancreas,21100,Unknown or Missing,UNK,Male,M,15-19 years,15-19,2014,2014,0,Not Applicable,Not Applicable
Pancreas,21100,Unknown or Missing,UNK,Male,M,15-19 years,15-19,2015,2015,0,Not Applicable,Not Applicable
Pancreas,21100,Unknown or Missing,UNK,Male,M,15-19 years,15-19,2016,2016,0,Not Applicable,Not Applicable
Pancreas,21100,Unknown or Missing,UNK,Male,M,15-19 years,15-19,2017,2017,0,Not Applicable,Not Applicable
Pancreas,21100,Unknown or Missing,UNK,Male,M,15-19 years,15-19,2018,2018,0,Not Applicable,Not Applicable
Pancreas,21100,Unknown or Missing,UNK,Male,M,15-19 years,15-19,2019,2019,0,Not Applicable,Not Applicable
Pancreas,21100,Unknown or Missing,UNK,Male,M,20-24 years,20-24,2010,2010,0,Not Applicable,Not Applicable
Pancreas,21100,Unknown or Missing,UNK,Male,M,20-24 years,20-24,2011,2011,0,Not Applicable,Not Applicable
Pancreas,21100,Unknown or Missing,UNK,Male,M,20-24 years,20-24,2012,2012,0,Not Applicable,Not Applicable
Pancreas,21100,Unknown or Missing,UNK,Male,M,20-24 years,20-24,2013,2013,0,Not Applicable,Not Applicable
Pancreas,21100,Unknown or Missing,UNK,Male,M,20-24 years,20-24,2014,2014,0,Not Applicable,Not Applicable
Pancreas,21100,Unknown or Missing,UNK,Male,M,20-24 years,20-24,2015,2015,0,Not Applicable,Not Applicable
Pancreas,21100,Unknown or Missing,UNK,Male,M,20-24 years,20-24,2016,2016,0,Not Applicable,Not Applicable
Pancreas,21100,Unknown or Missing,UNK,Male,M,20-24 years,20-24,2017,2017,0,Not Applicable,Not Applicable
Pancreas,21100,Unknown or Missing,UNK,Male,M,20-24 years,20-24,2018,2018,0,Not Applicable,Not Applicable
Pancreas,21100,Unknown or Missing,UNK,Male,M,20-24 years,20-24,2019,2019,0,Not Applicable,Not Applicable
Pancreas,21100,Unknown or Missing,UNK,Male,M,25-29 years,25-29,2010,2010,0,Not Applicable,Not Applicable
Pancreas,21100,Unknown or Missing,UNK,Male,M,25-29 years,25-29,2011,2011,0,Not Applicable,Not Applicable
Pancreas,21100,Unknown or Missing,UNK,Male,M,25-29 years,25-29,2012,2012,0,Not Applicable,Not Applicable
Pancreas,21100,Unknown or Missing,UNK,Male,M,25-29 years,25-29,2013,2013,0,Not Applicable,Not Applicable
Pancreas,21100,Unknown or Missing,UNK,Male,M,25-29 years,25-29,2014,2014,0,Not Applicable,Not Applicable
Pancreas,21100,Unknown or Missing,UNK,Male,M,25-29 years,25-29,2015,2015,0,Not Applicable,Not Applicable
Pancreas,21100,Unknown or Missing,UNK,Male,M,25-29 years,25-29,2016,2016,0,Not Applicable,Not Applicable
Pancreas,21100,Unknown or Missing,UNK,Male,M,25-29 years,25-29,2017,2017,0,Not Applicable,Not Applicable
Pancreas,21100,Unknown or Missing,UNK,Male,M,25-29 years,25-29,2018,2018,0,Not Applicable,Not Applicable
Pancreas,21100,Unknown or Missing,UNK,Male,M,25-29 years,25-29,2019,2019,0,Not Applicable,Not Applicable
Pancreas,21100,Unknown or Missing,UNK,Male,M,30-34 years,30-34,2010,2010,0,Not Applicable,Not Applicable
Pancreas,21100,Unknown or Missing,UNK,Male,M,30-34 years,30-34,2011,2011,0,Not Applicable,Not Applicable
Pancreas,21100,Unknown or Missing,UNK,Male,M,30-34 years,30-34,2012,2012,0,Not Applicable,Not Applicable
Pancreas,21100,Unknown or Missing,UNK,Male,M,30-34 years,30-34,2013,2013,0,Not Applicable,Not Applicable
Pancreas,21100,Unknown or Missing,UNK,Male,M,30-34 years,30-34,2014,2014,0,Not Applicable,Not Applicable
Pancreas,21100,Unknown or Missing,UNK,Male,M,30-34 years,30-34,2015,2015,0,Not Applicable,Not Applicable
Pancreas,21100,Unknown or Missing,UNK,Male,M,30-34 years,30-34,2016,2016,0,Not Applicable,Not Applicable
Pancreas,21100,Unknown or Missing,UNK,Male,M,30-34 years,30-34,2017,2017,0,Not Applicable,Not Applicable
Pancreas,21100,Unknown or Missing,UNK,Male,M,30-34 years,30-34,2018,2018,0,Not Applicable,Not Applicable
Pancreas,21100,Unknown or Missing,UNK,Male,M,30-34 years,30-34,2019,2019,0,Not Applicable,Not Applicable
Pancreas,21100,Unknown or Missing,UNK,Male,M,35-39 years,35-39,2010,2010,0,Not Applicable,Not Applicable
Pancreas,21100,Unknown or Missing,UNK,Male,M,35-39 years,35-39,2011,2011,0,Not Applicable,Not Applicable
Pancreas,21100,Unknown or Missing,UNK,Male,M,35-39 years,35-39,2012,2012,0,Not Applicable,Not Applicable
Pancreas,21100,Unknown or Missing,UNK,Male,M,35-39 years,35-39,2013,2013,0,Not Applicable,Not Applicable
Pancreas,21100,Unknown or Missing,UNK,Male,M,35-39 years,35-39,2014,2014,0,Not Applicable,Not Applicable
Pancreas,21100,Unknown or Missing,UNK,Male,M,35-39 years,35-39,2015,2015,0,Not Applicable,Not Applicable
Pancreas,21100,Unknown or Missing,UNK,Male,M,35-39 years,35-39,2016,2016,0,Not Applicable,Not Applicable
Pancreas,21100,Unknown or Missing,UNK,Male,M,35-39 years,35-39,2017,2017,0,Not Applicable,Not Applicable
Pancreas,21100,Unknown or Missing,UNK,Male,M,35-39 years,35-39,2018,2018,0,Not Applicable,Not Applicable
Pancreas,21100,Unknown or Missing,UNK,Male,M,35-39 years,35-39,2019,2019,0,Not Applicable,Not Applicable
Pancreas,21100,Unknown or Missing,UNK,Male,M,40-44 years,40-44,2010,2010,0,Not Applicable,Not Applicable
Pancreas,21100,Unknown or Missing,UNK,Male,M,40-44 years,40-44,2011,2011,0,Not Applicable,Not Applicable
Pancreas,21100,Unknown or Missing,UNK,Male,M,40-44 years,40-44,2012,2012,0,Not Applicable,Not Applicable
Pancreas,21100,Unknown or Missing,UNK,Male,M,40-44 years,40-44,2013,2013,0,Not Applicable,Not Applicable
Pancreas,21100,Unknown or Missing,UNK,Male,M,40-44 years,40-44,2014,2014,0,Not Applicable,Not Applicable
Pancreas,21100,Unknown or Missing,UNK,Male,M,40-44 years,40-44,2015,2015,0,Not Applicable,Not Applicable
Pancreas,21100,Unknown or Missing,UNK,Male,M,40-44 years,40-44,2016,2016,0,Not Applicable,Not Applicable
Pancreas,21100,Unknown or Missing,UNK,Male,M,40-44 years,40-44,2017,2017,0,Not Applicable,Not Applicable
Pancreas,21100,Unknown or Missing,UNK,Male,M,40-44 years,40-44,2018,2018,0,Not Applicable,Not Applicable
Pancreas,21100,Unknown or Missing,UNK,Male,M,40-44 years,40-44,2019,2019,0,Not Applicable,Not Applicable
Pancreas,21100,Unknown or Missing,UNK,Male,M,45-49 years,45-49,2010,2010,0,Not Applicable,Not Applicable
Pancreas,21100,Unknown or Missing,UNK,Male,M,45-49 years,45-49,2011,2011,0,Not Applicable,Not Applicable
Pancreas,21100,Unknown or Missing,UNK,Male,M,45-49 years,45-49,2012,2012,0,Not Applicable,Not Applicable
Pancreas,21100,Unknown or Missing,UNK,Male,M,45-49 years,45-49,2013,2013,0,Not Applicable,Not Applicable
Pancreas,21100,Unknown or Missing,UNK,Male,M,45-49 years,45-49,2014,2014,0,Not Applicable,Not Applicable
Pancreas,21100,Unknown or Missing,UNK,Male,M,45-49 years,45-49,2015,2015,0,Not Applicable,Not Applicable
Pancreas,21100,Unknown or Missing,UNK,Male,M,45-49 years,45-49,2016,2016,0,Not Applicable,Not Applicable
Pancreas,21100,Unknown or Missing,UNK,Male,M,45-49 years,45-49,2017,2017,0,Not Applicable,Not Applicable
Pancreas,21100,Unknown or Missing,UNK,Male,M,45-49 years,45-49,2018,2018,0,Not Applicable,Not Applicable
Pancreas,21100,Unknown or Missing,UNK,Male,M,45-49 years,45-49,2019,2019,0,Not Applicable,Not Applicable
Pancreas,21100,Unknown or Missing,UNK,Male,M,50-54 years,50-54,2010,2010,0,Not Applicable,Not Applicable
Pancreas,21100,Unknown or Missing,UNK,Male,M,50-54 years,50-54,2011,2011,0,Not Applicable,Not Applicable
Pancreas,21100,Unknown or Missing,UNK,Male,M,50-54 years,50-54,2012,2012,0,Not Applicable,Not Applicable
Pancreas,21100,Unknown or Missing,UNK,Male,M,50-54 years,50-54,2013,2013,0,Not Applicable,Not Applicable
Pancreas,21100,Unknown or Missing,UNK,Male,M,50-54 years,50-54,2014,2014,0,Not Applicable,Not Applicable
Pancreas,21100,Unknown or Missing,UNK,Male,M,50-54 years,50-54,2015,2015,0,Not Applicable,Not Applicable
Pancreas,21100,Unknown or Missing,UNK,Male,M,50-54 years,50-54,2016,2016,0,Not Applicable,Not Applicable
Pancreas,21100,Unknown or Missing,UNK,Male,M,50-54 years,50-54,2017,2017,0,Not Applicable,Not Applicable
Pancreas,21100,Unknown or Missing,UNK,Male,M,50-54 years,50-54,2018,2018,0,Not Applicable,Not Applicable
Pancreas,21100,Unknown or Missing,UNK,Male,M,50-54 years,50-54,2019,2019,0,Not Applicable,Not Applicable
Pancreas,21100,Unknown or Missing,UNK,Male,M,55-59 years,55-59,2010,2010,0,Not Applicable,Not Applicable
Pancreas,21100,Unknown or Missing,UNK,Male,M,55-59 years,55-59,2011,2011,0,Not Applicable,Not Applicable
Pancreas,21100,Unknown or Missing,UNK,Male,M,55-59 years,55-59,2012,2012,0,Not Applicable,Not Applicable
Pancreas,21100,Unknown or Missing,UNK,Male,M,55-59 years,55-59,2013,2013,0,Not Applicable,Not Applicable
Pancreas,21100,Unknown or Missing,UNK,Male,M,55-59 years,55-59,2014,2014,0,Not Applicable,Not Applicable
Pancreas,21100,Unknown or Missing,UNK,Male,M,55-59 years,55-59,2015,2015,0,Not Applicable,Not Applicable
Pancreas,21100,Unknown or Missing,UNK,Male,M,55-59 years,55-59,2016,2016,0,Not Applicable,Not Applicable
Pancreas,21100,Unknown or Missing,UNK,Male,M,55-59 years,55-59,2017,2017,0,Not Applicable,Not Applicable
Pancreas,21100,Unknown or Missing,UNK,Male,M,55-59 years,55-59,2018,2018,0,Not Applicable,Not Applicable
Pancreas,21100,Unknown or Missing,UNK,Male,M,55-59 years,55-59,2019,2019,0,Not Applicable,Not Applicable
Pancreas,21100,Unknown or Missing,UNK,Male,M,60-64 years ,60-64,2010,2010,0,Not Applicable,Not Applicable
Pancreas,21100,Unknown or Missing,UNK,Male,M,60-64 years ,60-64,2011,2011,0,Not Applicable,Not Applicable
Pancreas,21100,Unknown or Missing,UNK,Male,M,60-64 years ,60-64,2012,2012,0,Not Applicable,Not Applicable
Pancreas,21100,Unknown or Missing,UNK,Male,M,60-64 years ,60-64,2013,2013,0,Not Applicable,Not Applicable
Pancreas,21100,Unknown or Missing,UNK,Male,M,60-64 years ,60-64,2014,2014,0,Not Applicable,Not Applicable
Pancreas,21100,Unknown or Missing,UNK,Male,M,60-64 years ,60-64,2015,2015,0,Not Applicable,Not Applicable
Pancreas,21100,Unknown or Missing,UNK,Male,M,60-64 years ,60-64,2016,2016,0,Not Applicable,Not Applicable
Pancreas,21100,Unknown or Missing,UNK,Male,M,60-64 years ,60-64,2017,2017,0,Not Applicable,Not Applicable
Pancreas,21100,Unknown or Missing,UNK,Male,M,60-64 years ,60-64,2018,2018,0,Not Applicable,Not Applicable
Pancreas,21100,Unknown or Missing,UNK,Male,M,60-64 years ,60-64,2019,2019,0,Not Applicable,Not Applicable
Pancreas,21100,Unknown or Missing,UNK,Male,M,65-69 years,65-69,2010,2010,0,Not Applicable,Not Applicable
Pancreas,21100,Unknown or Missing,UNK,Male,M,65-69 years,65-69,2011,2011,0,Not Applicable,Not Applicable
Pancreas,21100,Unknown or Missing,UNK,Male,M,65-69 years,65-69,2012,2012,0,Not Applicable,Not Applicable
Pancreas,21100,Unknown or Missing,UNK,Male,M,65-69 years,65-69,2013,2013,0,Not Applicable,Not Applicable
Pancreas,21100,Unknown or Missing,UNK,Male,M,65-69 years,65-69,2014,2014,0,Not Applicable,Not Applicable
Pancreas,21100,Unknown or Missing,UNK,Male,M,65-69 years,65-69,2015,2015,0,Not Applicable,Not Applicable
Pancreas,21100,Unknown or Missing,UNK,Male,M,65-69 years,65-69,2016,2016,0,Not Applicable,Not Applicable
Pancreas,21100,Unknown or Missing,UNK,Male,M,65-69 years,65-69,2017,2017,0,Not Applicable,Not Applicable
Pancreas,21100,Unknown or Missing,UNK,Male,M,65-69 years,65-69,2018,2018,0,Not Applicable,Not Applicable
Pancreas,21100,Unknown or Missing,UNK,Male,M,65-69 years,65-69,2019,2019,0,Not Applicable,Not Applicable
Pancreas,21100,Unknown or Missing,UNK,Male,M,70-74 years,70-74,2010,2010,0,Not Applicable,Not Applicable
Pancreas,21100,Unknown or Missing,UNK,Male,M,70-74 years,70-74,2011,2011,0,Not Applicable,Not Applicable
Pancreas,21100,Unknown or Missing,UNK,Male,M,70-74 years,70-74,2012,2012,0,Not Applicable,Not Applicable
Pancreas,21100,Unknown or Missing,UNK,Male,M,70-74 years,70-74,2013,2013,0,Not Applicable,Not Applicable
Pancreas,21100,Unknown or Missing,UNK,Male,M,70-74 years,70-74,2014,2014,0,Not Applicable,Not Applicable
Pancreas,21100,Unknown or Missing,UNK,Male,M,70-74 years,70-74,2015,2015,0,Not Applicable,Not Applicable
Pancreas,21100,Unknown or Missing,UNK,Male,M,70-74 years,70-74,2016,2016,0,Not Applicable,Not Applicable
Pancreas,21100,Unknown or Missing,UNK,Male,M,70-74 years,70-74,2017,2017,0,Not Applicable,Not Applicable
Pancreas,21100,Unknown or Missing,UNK,Male,M,70-74 years,70-74,2018,2018,0,Not Applicable,Not Applicable
Pancreas,21100,Unknown or Missing,UNK,Male,M,70-74 years,70-74,2019,2019,0,Not Applicable,Not Applicable
Pancreas,21100,Unknown or Missing,UNK,Male,M,75-79 years,75-79,2010,2010,0,Not Applicable,Not Applicable
Pancreas,21100,Unknown or Missing,UNK,Male,M,75-79 years,75-79,2011,2011,0,Not Applicable,Not Applicable
Pancreas,21100,Unknown or Missing,UNK,Male,M,75-79 years,75-79,2012,2012,0,Not Applicable,Not Applicable
Pancreas,21100,Unknown or Missing,UNK,Male,M,75-79 years,75-79,2013,2013,0,Not Applicable,Not Applicable
Pancreas,21100,Unknown or Missing,UNK,Male,M,75-79 years,75-79,2014,2014,0,Not Applicable,Not Applicable
Pancreas,21100,Unknown or Missing,UNK,Male,M,75-79 years,75-79,2015,2015,0,Not Applicable,Not Applicable
Pancreas,21100,Unknown or Missing,UNK,Male,M,75-79 years,75-79,2016,2016,0,Not Applicable,Not Applicable
Pancreas,21100,Unknown or Missing,UNK,Male,M,75-79 years,75-79,2017,2017,0,Not Applicable,Not Applicable
Pancreas,21100,Unknown or Missing,UNK,Male,M,75-79 years,75-79,2018,2018,0,Not Applicable,Not Applicable
Pancreas,21100,Unknown or Missing,UNK,Male,M,75-79 years,75-79,2019,2019,0,Not Applicable,Not Applicable
Pancreas,21100,Unknown or Missing,UNK,Male,M,80-84 years,80-84,2010,2010,0,Not Applicable,Not Applicable
Pancreas,21100,Unknown or Missing,UNK,Male,M,80-84 years,80-84,2011,2011,0,Not Applicable,Not Applicable
Pancreas,21100,Unknown or Missing,UNK,Male,M,80-84 years,80-84,2012,2012,0,Not Applicable,Not Applicable
Pancreas,21100,Unknown or Missing,UNK,Male,M,80-84 years,80-84,2013,2013,0,Not Applicable,Not Applicable
Pancreas,21100,Unknown or Missing,UNK,Male,M,80-84 years,80-84,2014,2014,0,Not Applicable,Not Applicable
Pancreas,21100,Unknown or Missing,UNK,Male,M,80-84 years,80-84,2015,2015,0,Not Applicable,Not Applicable
Pancreas,21100,Unknown or Missing,UNK,Male,M,80-84 years,80-84,2016,2016,0,Not Applicable,Not Applicable
Pancreas,21100,Unknown or Missing,UNK,Male,M,80-84 years,80-84,2017,2017,0,Not Applicable,Not Applicable
Pancreas,21100,Unknown or Missing,UNK,Male,M,80-84 years,80-84,2018,2018,0,Not Applicable,Not Applicable
Pancreas,21100,Unknown or Missing,UNK,Male,M,80-84 years,80-84,2019,2019,0,Not Applicable,Not Applicable
Pancreas,21100,Unknown or Missing,UNK,Male,M,85+ years,85+,2010,2010,0,Not Applicable,Not Applicable
Pancreas,21100,Unknown or Missing,UNK,Male,M,85+ years,85+,2011,2011,0,Not Applicable,Not Applicable
Pancreas,21100,Unknown or Missing,UNK,Male,M,85+ years,85+,2012,2012,0,Not Applicable,Not Applicable
Pancreas,21100,Unknown or Missing,UNK,Male,M,85+ years,85+,2013,2013,0,Not Applicable,Not Applicable
Pancreas,21100,Unknown or Missing,UNK,Male,M,85+ years,85+,2014,2014,0,Not Applicable,Not Applicable
Pancreas,21100,Unknown or Missing,UNK,Male,M,85+ years,85+,2015,2015,0,Not Applicable,Not Applicable
Pancreas,21100,Unknown or Missing,UNK,Male,M,85+ years,85+,2016,2016,0,Not Applicable,Not Applicable
Pancreas,21100,Unknown or Missing,UNK,Male,M,85+ years,85+,2017,2017,0,Not Applicable,Not Applicable
Pancreas,21100,Unknown or Missing,UNK,Male,M,85+ years,85+,2018,2018,0,Not Applicable,Not Applicable
Pancreas,21100,Unknown or Missing,UNK,Male,M,85+ years,85+,2019,2019,0,Not Applicable,Not Applicable
