Leading Cancer Sites,Leading Cancer Sites Code,Race,Race Code,Sex,Sex Code,States,States Code,Year,Year Code,Count,Population,Crude Rate
Pancreas,21100,American Indian or Alaska Native,1002-5,Female,F,California,6,2019,2019,16,391778,4.1
Pancreas,21100,American Indian or Alaska Native,1002-5,Female,F,Connecticut,9,2019,2019,0,12737,0
Pancreas,21100,American Indian or Alaska Native,1002-5,Female,F,District of Columbia,11,2019,2019,0,2512,0
Pancreas,21100,American Indian or Alaska Native,1002-5,Female,F,Hawaii,15,2019,2019,0,2961,0
Pancreas,21100,American Indian or Alaska Native,1002-5,Female,F,Kentucky,21,2019,2019,0,6860,0
Pancreas,21100,American Indian or Alaska Native,1002-5,Female,F,Maine,23,2019,2019,0,5793,0
Pancreas,21100,American Indian or Alaska Native,1002-5,Female,F,Maryland,24,2019,2019,0,21549,0
Pancreas,21100,American Indian or Alaska Native,1002-5,Female,F,Massachusetts,25,2019,2019,0,20629,0
Pancreas,21100,American Indian or Alaska Native,1002-5,Female,F,Nevada,32,2019,2019,Missing,Missing,Missing
Pancreas,21100,American Indian or Alaska Native,1002-5,Female,F,New Hampshire,33,2019,2019,0,2459,0
Pancreas,21100,American Indian or Alaska Native,1002-5,Female,F,Oklahoma,40,2019,2019,30,221450,13.5
Pancreas,21100,American Indian or Alaska Native,1002-5,Female,F,Vermont,50,2019,2019,0,1568,0
Pancreas,21100,American Indian or Alaska Native,1002-5,Female,F,West Virginia,54,2019,2019,0,2240,0
Pancreas,21100,American Indian or Alaska Native,1002-5,Male,M,California,6,2019,2019,19,398322,4.8
Pancreas,21100,American Indian or Alaska Native,1002-5,Male,M,Connecticut,9,2019,2019,0,13281,0
Pancreas,21100,American Indian or Alaska Native,1002-5,Male,M,District of Columbia,11,2019,2019,0,2718,0
Pancreas,21100,American Indian or Alaska Native,1002-5,Male,M,Hawaii,15,2019,2019,0,3425,0
Pancreas,21100,American Indian or Alaska Native,1002-5,Male,M,Iowa,19,2019,2019,0,9663,0
Pancreas,21100,American Indian or Alaska Native,1002-5,Male,M,Kentucky,21,2019,2019,0,7406,0
Pancreas,21100,American Indian or Alaska Native,1002-5,Male,M,Louisiana,22,2019,2019,0,20087,0
Pancreas,21100,American Indian or Alaska Native,1002-5,Male,M,Maryland,24,2019,2019,0,22260,0
Pancreas,21100,American Indian or Alaska Native,1002-5,Male,M,Nebraska,31,2019,2019,0,16825,0
Pancreas,21100,American Indian or Alaska Native,1002-5,Male,M,Nevada,32,2019,2019,Missing,Missing,Missing
Pancreas,21100,American Indian or Alaska Native,1002-5,Male,M,New Hampshire,33,2019,2019,0,2768,0
Pancreas,21100,American Indian or Alaska Native,1002-5,Male,M,Ohio,39,2019,2019,0,22243,0
Pancreas,21100,American Indian or Alaska Native,1002-5,Male,M,Oklahoma,40,2019,2019,25,216346,11.6
Pancreas,21100,American Indian or Alaska Native,1002-5,Male,M,Rhode Island,44,2019,2019,0,6601,0
Pancreas,21100,American Indian or Alaska Native,1002-5,Male,M,South Carolina,45,2019,2019,0,16115,0
Pancreas,21100,American Indian or Alaska Native,1002-5,Male,M,Tennessee,47,2019,2019,0,18626,0
Pancreas,21100,American Indian or Alaska Native,1002-5,Male,M,Vermont,50,2019,2019,0,1604,0
Pancreas,21100,American Indian or Alaska Native,1002-5,Male,M,West Virginia,54,2019,2019,0,2513,0
Pancreas,21100,American Indian or Alaska Native,1002-5,Male,M,Wyoming,56,2019,2019,0,9070,0
Pancreas,21100,Asian or Pacific Islander,A-PI,Female,F,California,6,2019,2019,400,3525686,11.3
Pancreas,21100,Asian or Pacific Islander,A-PI,Female,F,Florida,12,2019,2019,28,391433,7.2
Pancreas,21100,Asian or Pacific Islander,A-PI,Female,F,Hawaii,15,2019,2019,96,519931,18.5
Pancreas,21100,Asian or Pacific Islander,A-PI,Female,F,Maine,23,2019,2019,0,10818,0
Pancreas,21100,Asian or Pacific Islander,A-PI,Female,F,Maryland,24,2019,2019,16,233779,6.8
Pancreas,21100,Asian or Pacific Islander,A-PI,Female,F,Massachusetts,25,2019,2019,17,276256,6.2
Pancreas,21100,Asian or Pacific Islander,A-PI,Female,F,Montana,30,2019,2019,0,7235,0
Pancreas,21100,Asian or Pacific Islander,A-PI,Female,F,Nevada,32,2019,2019,Missing,Missing,Missing
Pancreas,21100,Asian or Pacific Islander,A-PI,Female,F,New Hampshire,33,2019,2019,0,23078,0
Pancreas,21100,Asian or Pacific Islander,A-PI,Female,F,New Jersey,34,2019,2019,39,481189,8.1
Pancreas,21100,Asian or Pacific Islander,A-PI,Female,F,New York,36,2019,2019,96,977739,9.8
Pancreas,21100,Asian or Pacific Islander,A-PI,Female,F,North Dakota,38,2019,2019,0,7450,0
Pancreas,21100,Asian or Pacific Islander,A-PI,Female,F,Rhode Island,44,2019,2019,0,22563,0
Pancreas,21100,Asian or Pacific Islander,A-PI,Female,F,Texas,48,2019,2019,56,853857,6.6
Pancreas,21100,Asian or Pacific Islander,A-PI,Female,F,Vermont,50,2019,2019,0,7235,0
Pancreas,21100,Asian or Pacific Islander,A-PI,Female,F,Virginia,51,2019,2019,29,344622,8.4
Pancreas,21100,Asian or Pacific Islander,A-PI,Female,F,Washington,53,2019,2019,37,450090,8.2
Pancreas,21100,Asian or Pacific Islander,A-PI,Female,F,Wyoming,56,2019,2019,0,4047,0
Pancreas,21100,Asian or Pacific Islander,A-PI,Male,M,California,6,2019,2019,366,3225686,11.3
Pancreas,21100,Asian or Pacific Islander,A-PI,Male,M,District of Columbia,11,2019,2019,0,15326,0
Pancreas,21100,Asian or Pacific Islander,A-PI,Male,M,Florida,12,2019,2019,26,341460,7.6
Pancreas,21100,Asian or Pacific Islander,A-PI,Male,M,Georgia,13,2019,2019,16,248270,6.4
Pancreas,21100,Asian or Pacific Islander,A-PI,Male,M,Hawaii,15,2019,2019,97,485327,20
Pancreas,21100,Asian or Pacific Islander,A-PI,Male,M,Montana,30,2019,2019,0,5576,0
Pancreas,21100,Asian or Pacific Islander,A-PI,Male,M,Nevada,32,2019,2019,Missing,Missing,Missing
Pancreas,21100,Asian or Pacific Islander,A-PI,Male,M,New Hampshire,33,2019,2019,0,21382,0
Pancreas,21100,Asian or Pacific Islander,A-PI,Male,M,New Jersey,34,2019,2019,42,459500,9.1
Pancreas,21100,Asian or Pacific Islander,A-PI,Male,M,New York,36,2019,2019,118,895573,13.2
Pancreas,21100,Asian or Pacific Islander,A-PI,Male,M,North Dakota,38,2019,2019,0,7582,0
Pancreas,21100,Asian or Pacific Islander,A-PI,Male,M,Oklahoma,40,2019,2019,0,54487,0
Pancreas,21100,Asian or Pacific Islander,A-PI,Male,M,Pennsylvania,42,2019,2019,21,251481,8.4
Pancreas,21100,Asian or Pacific Islander,A-PI,Male,M,Rhode Island,44,2019,2019,0,21035,0
Pancreas,21100,Asian or Pacific Islander,A-PI,Male,M,South Dakota,46,2019,2019,0,7860,0
Pancreas,21100,Asian or Pacific Islander,A-PI,Male,M,Texas,48,2019,2019,51,813146,6.3
Pancreas,21100,Asian or Pacific Islander,A-PI,Male,M,Vermont,50,2019,2019,0,6040,0
Pancreas,21100,Asian or Pacific Islander,A-PI,Male,M,Virginia,51,2019,2019,23,313688,7.3
Pancreas,21100,Asian or Pacific Islander,A-PI,Male,M,Washington,53,2019,2019,32,411725,7.8
Pancreas,21100,Asian or Pacific Islander,A-PI,Male,M,West Virginia,54,2019,2019,0,8373,0
Pancreas,21100,Asian or Pacific Islander,A-PI,Male,M,Wyoming,56,2019,2019,0,3780,0
Pancreas,21100,Black or African American,2054-5,Female,F,Alabama,1,2019,2019,120,719618,16.7
Pancreas,21100,Black or African American,2054-5,Female,F,Alaska,2,2019,2019,0,16320,0
Pancreas,21100,Black or African American,2054-5,Female,F,Arizona,4,2019,2019,21,211249,9.9
Pancreas,21100,Black or African American,2054-5,Female,F,Arkansas,5,2019,2019,49,258076,19
Pancreas,21100,Black or African American,2054-5,Female,F,California,6,2019,2019,220,1437413,15.3
Pancreas,21100,Black or African American,2054-5,Female,F,Colorado,8,2019,2019,17,145970,11.6
Pancreas,21100,Black or African American,2054-5,Female,F,Connecticut,9,2019,2019,36,244929,14.7
Pancreas,21100,Black or African American,2054-5,Female,F,Delaware,10,2019,2019,25,125805,19.9
Pancreas,21100,Black or African American,2054-5,Female,F,District of Columbia,11,2019,2019,39,183861,21.2
Pancreas,21100,Black or African American,2054-5,Female,F,Florida,12,2019,2019,219,1961446,11.2
Pancreas,21100,Black or African American,2054-5,Female,F,Georgia,13,2019,2019,242,1893129,12.8
Pancreas,21100,Black or African American,2054-5,Female,F,Idaho,16,2019,2019,0,10062,0
Pancreas,21100,Black or African American,2054-5,Female,F,Illinois,17,2019,2019,170,1026358,16.6
Pancreas,21100,Black or African American,2054-5,Female,F,Indiana,18,2019,2019,35,376913,9.3
Pancreas,21100,Black or African American,2054-5,Female,F,Kentucky,21,2019,2019,33,205172,16.1
Pancreas,21100,Black or African American,2054-5,Female,F,Louisiana,22,2019,2019,134,821149,16.3
Pancreas,21100,Black or African American,2054-5,Female,F,Maryland,24,2019,2019,168,1039544,16.2
Pancreas,21100,Black or African American,2054-5,Female,F,Massachusetts,25,2019,2019,41,349768,11.7
Pancreas,21100,Black or African American,2054-5,Female,F,Michigan,26,2019,2019,131,786134,16.7
Pancreas,21100,Black or African American,2054-5,Female,F,Mississippi,28,2019,2019,95,605919,15.7
Pancreas,21100,Black or African American,2054-5,Female,F,Missouri,29,2019,2019,54,405353,13.3
Pancreas,21100,Black or African American,2054-5,Female,F,Montana,30,2019,2019,0,4535,0
Pancreas,21100,Black or African American,2054-5,Female,F,Nevada,32,2019,2019,Missing,Missing,Missing
Pancreas,21100,Black or African American,2054-5,Female,F,New Hampshire,33,2019,2019,0,13228,0
Pancreas,21100,Black or African American,2054-5,Female,F,New Jersey,34,2019,2019,137,739007,18.5
Pancreas,21100,Black or African American,2054-5,Female,F,New York,36,2019,2019,320,1920307,16.7
Pancreas,21100,Black or African American,2054-5,Female,F,North Carolina,37,2019,2019,233,1289789,18.1
Pancreas,21100,Black or African American,2054-5,Female,F,North Dakota,38,2019,2019,0,12978,0
Pancreas,21100,Black or African American,2054-5,Female,F,Ohio,39,2019,2019,138,855265,16.1
Pancreas,21100,Black or African American,2054-5,Female,F,Oklahoma,40,2019,2019,28,177417,15.8
Pancreas,21100,Black or African American,2054-5,Female,F,Pennsylvania,42,2019,2019,133,851961,15.6
Pancreas,21100,Black or African American,2054-5,Female,F,South Carolina,45,2019,2019,119,762271,15.6
Pancreas,21100,Black or African American,2054-5,Female,F,Tennessee,47,2019,2019,80,637559,12.5
Pancreas,21100,Black or African American,2054-5,Female,F,Texas,48,2019,2019,241,2008891,12
Pancreas,21100,Black or African American,2054-5,Female,F,Virginia,51,2019,2019,134,928378,14.4
Pancreas,21100,Black or African American,2054-5,Female,F,Washington,53,2019,2019,20,193829,10.3
Pancreas,21100,Black or African American,2054-5,Female,F,Wisconsin,55,2019,2019,37,219265,16.9
Pancreas,21100,Black or African American,2054-5,Male,M,Alabama,1,2019,2019,98,625649,15.7
Pancreas,21100,Black or African American,2054-5,Male,M,Arizona,4,2019,2019,26,223322,11.6
Pancreas,21100,Black or African American,2054-5,Male,M,Arkansas,5,2019,2019,45,235129,19.1
Pancreas,21100,Black or African American,2054-5,Male,M,California,6,2019,2019,185,1426347,13
Pancreas,21100,Black or African American,2054-5,Male,M,Connecticut,9,2019,2019,23,224324,10.3
Pancreas,21100,Black or African American,2054-5,Male,M,Delaware,10,2019,2019,22,112633,19.5
Pancreas,21100,Black or African American,2054-5,Male,M,District of Columbia,11,2019,2019,38,152788,24.9
Pancreas,21100,Black or African American,2054-5,Male,M,Florida,12,2019,2019,237,1831010,12.9
Pancreas,21100,Black or African American,2054-5,Male,M,Georgia,13,2019,2019,241,1664917,14.5
Pancreas,21100,Black or African American,2054-5,Male,M,Idaho,16,2019,2019,0,12726,0
Pancreas,21100,Black or African American,2054-5,Male,M,Illinois,17,2019,2019,171,916190,18.7
Pancreas,21100,Black or African American,2054-5,Male,M,Indiana,18,2019,2019,40,354203,11.3
Pancreas,21100,Black or African American,2054-5,Male,M,Kansas,20,2019,2019,20,108030,18.5
Pancreas,21100,Black or African American,2054-5,Male,M,Kentucky,21,2019,2019,18,204433,8.8
Pancreas,21100,Black or African American,2054-5,Male,M,Louisiana,22,2019,2019,131,741431,17.7
Pancreas,21100,Black or African American,2054-5,Male,M,Maryland,24,2019,2019,151,913398,16.5
Pancreas,21100,Black or African American,2054-5,Male,M,Massachusetts,25,2019,2019,44,331415,13.3
Pancreas,21100,Black or African American,2054-5,Male,M,Michigan,26,2019,2019,118,714519,16.5
Pancreas,21100,Black or African American,2054-5,Male,M,Mississippi,28,2019,2019,81,538337,15
Pancreas,21100,Black or African American,2054-5,Male,M,Missouri,29,2019,2019,71,369984,19.2
Pancreas,21100,Black or African American,2054-5,Male,M,Montana,30,2019,2019,0,6102,0
Pancreas,21100,Black or African American,2054-5,Male,M,Nevada,32,2019,2019,Missing,Missing,Missing
Pancreas,21100,Black or African American,2054-5,Male,M,New Hampshire,33,2019,2019,0,16528,0
Pancreas,21100,Black or African American,2054-5,Male,M,New Jersey,34,2019,2019,85,672943,12.6
Pancreas,21100,Black or African American,2054-5,Male,M,New York,36,2019,2019,254,1695866,15
Pancreas,21100,Black or African American,2054-5,Male,M,North Carolina,37,2019,2019,180,1140008,15.8
Pancreas,21100,Black or African American,2054-5,Male,M,Ohio,39,2019,2019,126,793164,15.9
Pancreas,21100,Black or African American,2054-5,Male,M,Oklahoma,40,2019,2019,20,178897,11.2
Pancreas,21100,Black or African American,2054-5,Male,M,Pennsylvania,42,2019,2019,124,798635,15.5
Pancreas,21100,Black or African American,2054-5,Male,M,South Carolina,45,2019,2019,94,670058,14
Pancreas,21100,Black or African American,2054-5,Male,M,South Dakota,46,2019,2019,0,14631,0
Pancreas,21100,Black or African American,2054-5,Male,M,Tennessee,47,2019,2019,76,573095,13.3
Pancreas,21100,Black or African American,2054-5,Male,M,Texas,48,2019,2019,243,1889488,12.9
Pancreas,21100,Black or African American,2054-5,Male,M,Vermont,50,2019,2019,0,6403,0
Pancreas,21100,Black or African American,2054-5,Male,M,Virginia,51,2019,2019,138,861207,16
Pancreas,21100,Black or African American,2054-5,Male,M,Washington,53,2019,2019,27,223820,12.1
Pancreas,21100,Black or African American,2054-5,Male,M,Wisconsin,55,2019,2019,24,214164,11.2
Pancreas,21100,White,2106-3,Female,F,Alabama,1,2019,2019,273,1752247,15.6
Pancreas,21100,White,2106-3,Female,F,Alaska,2,2019,2019,38,237338,16
Pancreas,21100,White,2106-3,Female,F,Arizona,4,2019,2019,503,3079267,16.3
Pancreas,21100,White,2106-3,Female,F,Arkansas,5,2019,2019,177,1228174,14.4
Pancreas,21100,White,2106-3,Female,F,California,6,2019,2019,2078,14474208,14.4
Pancreas,21100,White,2106-3,Female,F,Colorado,8,2019,2019,349,2528551,13.8
Pancreas,21100,White,2106-3,Female,F,Connecticut,9,2019,2019,280,1472048,19
Pancreas,21100,White,2106-3,Female,F,Delaware,10,2019,2019,84,352448,23.8
Pancreas,21100,White,2106-3,Female,F,Florida,12,2019,2019,1700,8574509,19.8
Pancreas,21100,White,2106-3,Female,F,Georgia,13,2019,2019,497,3275904,15.2
Pancreas,21100,White,2106-3,Female,F,Hawaii,15,2019,2019,23,165524,13.9
Pancreas,21100,White,2106-3,Female,F,Idaho,16,2019,2019,125,843712,14.8
Pancreas,21100,White,2106-3,Female,F,Illinois,17,2019,2019,870,4958604,17.5
Pancreas,21100,White,2106-3,Female,F,Indiana,18,2019,2019,435,2922777,14.9
Pancreas,21100,White,2106-3,Female,F,Iowa,19,2019,2019,253,1457497,17.4
Pancreas,21100,White,2106-3,Female,F,Kansas,20,2019,2019,172,1286252,13.4
Pancreas,21100,White,2106-3,Female,F,Kentucky,21,2019,2019,330,2014066,16.4
Pancreas,21100,White,2106-3,Female,F,Louisiana,22,2019,2019,276,1495874,18.5
Pancreas,21100,White,2106-3,Female,F,Maine,23,2019,2019,137,657275,20.8
Pancreas,21100,White,2106-3,Female,F,Maryland,24,2019,2019,323,1827608,17.7
Pancreas,21100,White,2106-3,Female,F,Massachusetts,25,2019,2019,539,2901727,18.6
Pancreas,21100,White,2106-3,Female,F,Michigan,26,2019,2019,753,4048225,18.6
Pancreas,21100,White,2106-3,Female,F,Minnesota,27,2019,2019,416,2407215,17.3
Pancreas,21100,White,2106-3,Female,F,Mississippi,28,2019,2019,143,899096,15.9
Pancreas,21100,White,2106-3,Female,F,Missouri,29,2019,2019,472,2618114,18
Pancreas,21100,White,2106-3,Female,F,Montana,30,2019,2019,81,480557,16.9
Pancreas,21100,White,2106-3,Female,F,Nebraska,31,2019,2019,118,864495,13.6
Pancreas,21100,White,2106-3,Female,F,Nevada,32,2019,2019,Missing,Missing,Missing
Pancreas,21100,White,2106-3,Female,F,New Hampshire,33,2019,2019,131,648049,20.2
Pancreas,21100,White,2106-3,Female,F,New Jersey,34,2019,2019,707,3292021,21.5
Pancreas,21100,White,2106-3,Female,F,New Mexico,35,2019,2019,149,878808,17
Pancreas,21100,White,2106-3,Female,F,New York,36,2019,2019,1409,6998572,20.1
Pancreas,21100,White,2106-3,Female,F,North Carolina,37,2019,2019,621,3820135,16.3
Pancreas,21100,White,2106-3,Female,F,North Dakota,38,2019,2019,43,329026,13.1
Pancreas,21100,White,2106-3,Female,F,Ohio,39,2019,2019,859,4916163,17.5
Pancreas,21100,White,2106-3,Female,F,Oklahoma,40,2019,2019,234,1541372,15.2
Pancreas,21100,White,2106-3,Female,F,Oregon,41,2019,2019,301,1888940,15.9
Pancreas,21100,White,2106-3,Female,F,Pennsylvania,42,2019,2019,1052,5377152,19.6
Pancreas,21100,White,2106-3,Female,F,Rhode Island,44,2019,2019,86,462310,18.6
Pancreas,21100,White,2106-3,Female,F,South Carolina,45,2019,2019,259,1825229,14.2
Pancreas,21100,White,2106-3,Female,F,South Dakota,46,2019,2019,42,377131,11.1
Pancreas,21100,White,2106-3,Female,F,Tennessee,47,2019,2019,409,2764419,14.8
Pancreas,21100,White,2106-3,Female,F,Texas,48,2019,2019,1481,11567247,12.8
Pancreas,21100,White,2106-3,Female,F,Utah,49,2019,2019,148,1465880,10.1
Pancreas,21100,White,2106-3,Female,F,Vermont,50,2019,2019,58,301932,19.2
Pancreas,21100,White,2106-3,Female,F,Virginia,51,2019,2019,440,3047260,14.4
Pancreas,21100,White,2106-3,Female,F,Washington,53,2019,2019,510,3070089,16.6
Pancreas,21100,White,2106-3,Female,F,West Virginia,54,2019,2019,152,860249,17.7
Pancreas,21100,White,2106-3,Female,F,Wisconsin,55,2019,2019,478,2568661,18.6
Pancreas,21100,White,2106-3,Female,F,Wyoming,56,2019,2019,25,267327,9.4
Pancreas,21100,White,2106-3,Male,M,Alabama,1,2019,2019,350,1686464,20.8
Pancreas,21100,White,2106-3,Male,M,Alaska,2,2019,2019,40,266089,15
Pancreas,21100,White,2106-3,Male,M,Arizona,4,2019,2019,570,3041471,18.7
Pancreas,21100,White,2106-3,Male,M,Arkansas,5,2019,2019,235,1196916,19.6
Pancreas,21100,White,2106-3,Male,M,California,6,2019,2019,2278,14558170,15.6
Pancreas,21100,White,2106-3,Male,M,Colorado,8,2019,2019,356,2566598,13.9
Pancreas,21100,White,2106-3,Male,M,Connecticut,9,2019,2019,295,1408999,20.9
Pancreas,21100,White,2106-3,Male,M,Delaware,10,2019,2019,77,333793,23.1
Pancreas,21100,White,2106-3,Male,M,District of Columbia,11,2019,2019,18,165028,10.9
Pancreas,21100,White,2106-3,Male,M,Florida,12,2019,2019,1980,8268364,23.9
Pancreas,21100,White,2106-3,Male,M,Georgia,13,2019,2019,564,3219999,17.5
Pancreas,21100,White,2106-3,Male,M,Hawaii,15,2019,2019,35,194902,18
Pancreas,21100,White,2106-3,Male,M,Idaho,16,2019,2019,151,849186,17.8
Pancreas,21100,White,2106-3,Male,M,Illinois,17,2019,2019,932,4873564,19.1
Pancreas,21100,White,2106-3,Male,M,Indiana,18,2019,2019,509,2852187,17.8
Pancreas,21100,White,2106-3,Male,M,Iowa,19,2019,2019,281,1433519,19.6
Pancreas,21100,White,2106-3,Male,M,Kansas,20,2019,2019,233,1269774,18.3
Pancreas,21100,White,2106-3,Male,M,Kentucky,21,2019,2019,366,1950831,18.8
Pancreas,21100,White,2106-3,Male,M,Louisiana,22,2019,2019,300,1463327,20.5
Pancreas,21100,White,2106-3,Male,M,Maine,23,2019,2019,153,629388,24.3
Pancreas,21100,White,2106-3,Male,M,Maryland,24,2019,2019,330,1783501,18.5
Pancreas,21100,White,2106-3,Male,M,Massachusetts,25,2019,2019,587,2738686,21.4
Pancreas,21100,White,2106-3,Male,M,Michigan,26,2019,2019,769,3976649,19.3
Pancreas,21100,White,2106-3,Male,M,Minnesota,27,2019,2019,432,2383178,18.1
Pancreas,21100,White,2106-3,Male,M,Mississippi,28,2019,2019,161,877827,18.3
Pancreas,21100,White,2106-3,Male,M,Missouri,29,2019,2019,479,2544090,18.8
Pancreas,21100,White,2106-3,Male,M,Montana,30,2019,2019,88,488649,18
Pancreas,21100,White,2106-3,Male,M,Nebraska,31,2019,2019,153,859235,17.8
Pancreas,21100,White,2106-3,Male,M,Nevada,32,2019,2019,Missing,Missing,Missing
Pancreas,21100,White,2106-3,Male,M,New Hampshire,33,2019,2019,130,633291,20.5
Pancreas,21100,White,2106-3,Male,M,New Jersey,34,2019,2019,730,3178165,23
Pancreas,21100,White,2106-3,Male,M,New Mexico,35,2019,2019,158,861860,18.3
Pancreas,21100,White,2106-3,Male,M,New York,36,2019,2019,1433,6745210,21.2
Pancreas,21100,White,2106-3,Male,M,North Carolina,37,2019,2019,665,3695927,18
Pancreas,21100,White,2106-3,Male,M,North Dakota,38,2019,2019,41,343940,11.9
Pancreas,21100,White,2106-3,Male,M,Ohio,39,2019,2019,995,4758837,20.9
Pancreas,21100,White,2106-3,Male,M,Oklahoma,40,2019,2019,261,1511786,17.3
Pancreas,21100,White,2106-3,Male,M,Oregon,41,2019,2019,318,1857381,17.1
Pancreas,21100,White,2106-3,Male,M,Pennsylvania,42,2019,2019,1215,5191711,23.4
Pancreas,21100,White,2106-3,Male,M,Rhode Island,44,2019,2019,101,436362,23.1
Pancreas,21100,White,2106-3,Male,M,South Carolina,45,2019,2019,385,1760126,21.9
Pancreas,21100,White,2106-3,Male,M,South Dakota,46,2019,2019,70,382773,18.3
Pancreas,21100,White,2106-3,Male,M,Tennessee,47,2019,2019,436,2667418,16.3
Pancreas,21100,White,2106-3,Male,M,Texas,48,2019,2019,1700,11522448,14.8
Pancreas,21100,White,2106-3,Male,M,Utah,49,2019,2019,168,1485518,11.3
Pancreas,21100,White,2106-3,Male,M,Vermont,50,2019,2019,63,294261,21.4
Pancreas,21100,White,2106-3,Male,M,Virginia,51,2019,2019,502,3008453,16.7
Pancreas,21100,White,2106-3,Male,M,Washington,53,2019,2019,542,3086615,17.6
Pancreas,21100,White,2106-3,Male,M,West Virginia,54,2019,2019,166,837862,19.8
Pancreas,21100,White,2106-3,Male,M,Wisconsin,55,2019,2019,560,2550576,22
Pancreas,21100,White,2106-3,Male,M,Wyoming,56,2019,2019,46,277240,16.6
Pancreas,21100,Other Races and Unknown combined,2131-1,Female,F,Alaska,2,2019,2019,0,Not Applicable,Not Applicable
Pancreas,21100,Other Races and Unknown combined,2131-1,Female,F,California,6,2019,2019,22,Not Applicable,Not Applicable
Pancreas,21100,Other Races and Unknown combined,2131-1,Female,F,District of Columbia,11,2019,2019,0,Not Applicable,Not Applicable
Pancreas,21100,Other Races and Unknown combined,2131-1,Female,F,Florida,12,2019,2019,55,Not Applicable,Not Applicable
Pancreas,21100,Other Races and Unknown combined,2131-1,Female,F,Hawaii,15,2019,2019,0,Not Applicable,Not Applicable
Pancreas,21100,Other Races and Unknown combined,2131-1,Female,F,Iowa,19,2019,2019,0,Not Applicable,Not Applicable
Pancreas,21100,Other Races and Unknown combined,2131-1,Female,F,Maine,23,2019,2019,0,Not Applicable,Not Applicable
Pancreas,21100,Other Races and Unknown combined,2131-1,Female,F,Montana,30,2019,2019,0,Not Applicable,Not Applicable
Pancreas,21100,Other Races and Unknown combined,2131-1,Female,F,Nevada,32,2019,2019,Missing,Missing,Missing
Pancreas,21100,Other Races and Unknown combined,2131-1,Female,F,New Hampshire,33,2019,2019,0,Not Applicable,Not Applicable
Pancreas,21100,Other Races and Unknown combined,2131-1,Female,F,New Mexico,35,2019,2019,0,Not Applicable,Not Applicable
Pancreas,21100,Other Races and Unknown combined,2131-1,Female,F,New York,36,2019,2019,20,Not Applicable,Not Applicable
Pancreas,21100,Other Races and Unknown combined,2131-1,Female,F,North Dakota,38,2019,2019,0,Not Applicable,Not Applicable
Pancreas,21100,Other Races and Unknown combined,2131-1,Female,F,Oregon,41,2019,2019,0,Not Applicable,Not Applicable
Pancreas,21100,Other Races and Unknown combined,2131-1,Female,F,Pennsylvania,42,2019,2019,17,Not Applicable,Not Applicable
Pancreas,21100,Other Races and Unknown combined,2131-1,Female,F,South Dakota,46,2019,2019,0,Not Applicable,Not Applicable
Pancreas,21100,Other Races and Unknown combined,2131-1,Female,F,Washington,53,2019,2019,0,Not Applicable,Not Applicable
Pancreas,21100,Other Races and Unknown combined,2131-1,Female,F,West Virginia,54,2019,2019,0,Not Applicable,Not Applicable
Pancreas,21100,Other Races and Unknown combined,2131-1,Female,F,Wisconsin,55,2019,2019,0,Not Applicable,Not Applicable
Pancreas,21100,Other Races and Unknown combined,2131-1,Female,F,Wyoming,56,2019,2019,0,Not Applicable,Not Applicable
Pancreas,21100,Other Races and Unknown combined,2131-1,Male,M,Alaska,2,2019,2019,0,Not Applicable,Not Applicable
Pancreas,21100,Other Races and Unknown combined,2131-1,Male,M,Arkansas,5,2019,2019,0,Not Applicable,Not Applicable
Pancreas,21100,Other Races and Unknown combined,2131-1,Male,M,California,6,2019,2019,26,Not Applicable,Not Applicable
Pancreas,21100,Other Races and Unknown combined,2131-1,Male,M,District of Columbia,11,2019,2019,0,Not Applicable,Not Applicable
Pancreas,21100,Other Races and Unknown combined,2131-1,Male,M,Florida,12,2019,2019,67,Not Applicable,Not Applicable
Pancreas,21100,Other Races and Unknown combined,2131-1,Male,M,Hawaii,15,2019,2019,0,Not Applicable,Not Applicable
Pancreas,21100,Other Races and Unknown combined,2131-1,Male,M,Idaho,16,2019,2019,0,Not Applicable,Not Applicable
Pancreas,21100,Other Races and Unknown combined,2131-1,Male,M,Iowa,19,2019,2019,0,Not Applicable,Not Applicable
Pancreas,21100,Other Races and Unknown combined,2131-1,Male,M,Kentucky,21,2019,2019,0,Not Applicable,Not Applicable
Pancreas,21100,Other Races and Unknown combined,2131-1,Male,M,Maine,23,2019,2019,0,Not Applicable,Not Applicable
Pancreas,21100,Other Races and Unknown combined,2131-1,Male,M,Minnesota,27,2019,2019,0,Not Applicable,Not Applicable
Pancreas,21100,Other Races and Unknown combined,2131-1,Male,M,Mississippi,28,2019,2019,0,Not Applicable,Not Applicable
Pancreas,21100,Other Races and Unknown combined,2131-1,Male,M,Montana,30,2019,2019,0,Not Applicable,Not Applicable
Pancreas,21100,Other Races and Unknown combined,2131-1,Male,M,Nevada,32,2019,2019,Missing,Missing,Missing
Pancreas,21100,Other Races and Unknown combined,2131-1,Male,M,New York,36,2019,2019,22,Not Applicable,Not Applicable
Pancreas,21100,Other Races and Unknown combined,2131-1,Male,M,North Dakota,38,2019,2019,0,Not Applicable,Not Applicable
Pancreas,21100,Other Races and Unknown combined,2131-1,Male,M,Oregon,41,2019,2019,0,Not Applicable,Not Applicable
Pancreas,21100,Other Races and Unknown combined,2131-1,Male,M,Pennsylvania,42,2019,2019,21,Not Applicable,Not Applicable
Pancreas,21100,Other Races and Unknown combined,2131-1,Male,M,South Dakota,46,2019,2019,0,Not Applicable,Not Applicable
Pancreas,21100,Other Races and Unknown combined,2131-1,Male,M,Utah,49,2019,2019,0,Not Applicable,Not Applicable
Pancreas,21100,Other Races and Unknown combined,2131-1,Male,M,Virginia,51,2019,2019,18,Not Applicable,Not Applicable
Pancreas,21100,Other Races and Unknown combined,2131-1,Male,M,Wyoming,56,2019,2019,0,Not Applicable,Not Applicable
